date,ENGLAND_WALES_DEMAND,Date,consumption,TX,Q_TX,TN,Q_TN,TG,Q_TG,SS,Q_SS,SD,Q_SD,RR,Q_RR,QQ,Q_QQ,PP,Q_PP,HU,Q_HU,CC,Q_CC
2011-11-23,1726127,2011-11-23,6.952692307692308,13.5,0,26.0,0,68.0,0,20.0,0,0.0,0,2.0,0,35.0,0,10272.0,0,93.0,0,7.0,0
2011-11-24,1686910,2011-11-24,8.536480000000001,12.5,0,37.0,0,86.0,0,20.0,0,0.0,0,2.0,0,35.0,0,10271.0,0,88.0,0,3.0,0
2011-11-25,1657598,2011-11-25,9.49978125,14.0,0,95.0,0,110.0,0,50.0,0,0.0,0,0.0,0,52.0,0,10245.0,0,78.0,0,3.0,0
2011-11-26,1497543,2011-11-26,10.267707317073171,13.9,0,63.0,0,102.0,0,7.0,0,0.0,0,0.0,0,24.0,0,10258.0,0,79.0,0,4.0,0
2011-11-27,1436364,2011-11-27,10.85080487804878,13.2,0,97.0,0,118.0,0,59.0,0,0.0,0,0.0,0,55.0,0,10213.0,0,69.0,0,3.0,0
2011-11-28,1718940,2011-11-28,9.103381818181818,13.9,0,2.0,0,67.0,0,0.0,0,0.0,0,0.0,0,15.0,0,10227.0,0,85.0,0,5.0,0
2011-11-29,1691918,2011-11-29,9.274873015873016,12.8,0,33.0,0,86.0,0,0.0,0,0.0,0,4.0,0,15.0,0,10096.0,0,81.0,0,6.0,0
2011-11-30,1704642,2011-11-30,8.813513157894738,11.0,0,55.0,0,92.0,0,37.0,0,0.0,0,12.0,0,42.0,0,10192.0,0,76.0,0,4.0,0
2011-12-01,1730216,2011-12-01,9.22770652173913,11.4,0,80.0,0,95.0,0,7.0,0,0.0,0,50.0,0,22.0,0,10071.0,0,81.0,0,7.0,0
2011-12-02,1736431,2011-12-02,10.14591,11.9,0,21.0,0,68.0,0,41.0,0,0.0,0,8.0,0,41.0,0,10122.0,0,87.0,0,3.0,0
2011-12-03,1513391,2011-12-03,10.780272727272727,9.5,0,34.0,0,77.0,0,12.0,0,0.0,0,0.0,0,25.0,0,10036.0,0,79.0,0,7.0,0
2011-12-04,1522717,2011-12-04,12.163127272727273,7.6,1,69.0,0,82.0,1,0.0,0,0.0,0,6.0,0,13.0,0,10012.0,0,81.0,0,6.0,0
2011-12-05,1778217,2011-12-05,10.609714285714286,9.0,0,19.0,0,48.0,0,31.0,0,0.0,0,0.0,0,35.0,0,10061.0,0,77.0,0,1.0,0
2011-12-06,1814820,2011-12-06,11.673416666666668,9.8,0,24.0,0,57.0,0,7.0,0,0.0,0,0.0,0,21.0,0,10074.0,0,81.0,0,2.0,0
2011-12-07,1785873,2011-12-07,10.889361842105263,13.2,0,38.0,0,68.0,0,60.0,0,0.0,0,0.0,0,48.0,0,10089.0,0,67.0,0,2.0,0
2011-12-08,1801808,2011-12-08,11.525149700598803,8.2,0,27.0,0,80.0,0,0.0,0,0.0,0,10.0,0,13.0,0,10107.0,0,81.0,0,7.0,0
2011-12-09,1787907,2011-12-09,11.759836956521738,6.6,0,35.0,0,59.0,0,48.0,0,0.0,0,0.0,0,42.0,0,10107.0,0,72.0,0,1.0,0
2011-12-10,1667007,2011-12-10,12.633800995024878,9.2,0,-14.0,0,26.0,0,53.0,0,0.0,0,0.0,0,44.0,0,10157.0,0,79.0,0,1.0,0
2011-12-11,1605953,2011-12-11,13.749174129353232,12.4,0,9.0,0,51.0,0,0.0,0,0.0,0,84.0,0,12.0,0,10075.0,0,88.0,0,7.0,0
2011-12-12,1797908,2011-12-12,11.951958333333334,8.4,0,24.0,0,74.0,0,54.0,0,0.0,0,166.0,0,44.0,0,10024.0,0,84.0,0,3.0,0
2011-12-13,1804229,2011-12-13,11.957446428571428,6.7,0,42.0,0,63.0,0,47.0,0,0.0,0,0.0,0,41.0,0,9901.0,0,75.0,0,5.0,0
2011-12-14,1858396,2011-12-14,12.392775862068964,8.4,0,36.0,0,52.0,0,26.0,0,0.0,0,6.0,0,31.0,0,9944.0,0,78.0,0,5.0,0
2011-12-15,1849592,2011-12-15,12.53490476190476,5.0,1,32.0,0,58.0,1,33.0,0,0.0,0,84.0,0,34.0,0,9967.0,0,78.0,0,4.0,0
2011-12-16,1855696,2011-12-16,13.376080152671756,6.1,0,14.0,0,32.0,0,22.0,0,0.0,0,10.0,0,29.0,0,9885.0,0,87.0,0,7.0,0
2011-12-17,1693411,2011-12-17,13.511967857142858,6.0,0,-16.0,0,23.0,0,44.0,0,0.0,0,6.0,0,39.0,0,10088.0,0,85.0,0,3.0,0
2011-12-18,1663615,2011-12-18,14.732271428571428,7.4,0,-4.0,0,28.0,0,22.0,0,0.0,0,8.0,0,29.0,0,10167.0,0,85.0,0,2.0,0
2011-12-19,1885331,2011-12-19,13.774470967741935,9.2,0,-20.0,0,27.0,0,0.0,0,0.0,0,48.0,0,12.0,0,10144.0,0,94.0,0,7.0,0
2011-12-20,1818289,2011-12-20,12.709106382978725,13.1,0,21.0,0,57.0,0,31.0,0,0.0,0,18.0,0,33.0,0,10154.0,0,80.0,0,5.0,0
2011-12-21,1778681,2011-12-21,12.148570200573065,12.6,0,58.0,0,95.0,0,1.0,0,0.0,0,0.0,0,14.0,0,10180.0,0,92.0,0,8.0,0
2011-12-22,1679390,2011-12-22,11.839403269754767,11.6,0,79.0,0,103.0,0,57.0,0,0.0,0,6.0,0,45.0,0,10248.0,0,86.0,0,2.0,0
2011-12-23,1614529,2011-12-23,12.25498941798942,10.2,1,91.0,0,104.0,1,0.0,0,0.0,0,38.0,0,12.0,0,10177.0,0,83.0,0,7.0,0
2011-12-24,1503198,2011-12-24,13.065317460317459,12.3,0,21.0,0,62.0,0,1.0,0,0.0,0,2.0,0,14.0,0,10282.0,0,80.0,0,5.0,0
2011-12-25,1328378,2011-12-25,12.949428571428571,13.0,0,35.0,0,79.0,0,0.0,0,0.0,0,0.0,0,12.0,0,10284.0,0,81.0,0,8.0,0
2011-12-26,1297644,2011-12-26,11.06557671957672,11.1,1,100.0,0,115.0,1,0.0,0,0.0,0,0.0,0,12.0,0,10331.0,0,82.0,0,8.0,0
2011-12-27,1405445,2011-12-27,11.494944444444444,10.9,0,97.0,0,104.0,0,0.0,0,0.0,0,2.0,0,12.0,0,10327.0,0,73.0,0,8.0,0
2011-12-28,1482890,2011-12-28,11.790656330749355,10.2,0,75.0,0,92.0,0,9.0,0,0.0,0,0.0,0,21.0,0,10214.0,0,76.0,0,4.0,0
2011-12-29,1539266,2011-12-29,12.14492039800995,11.6,0,44.0,0,73.0,0,0.0,0,0.0,0,24.0,0,12.0,0,10207.0,0,75.0,0,7.0,0
2011-12-30,1567113,2011-12-30,12.404209245742093,12.8,0,47.0,0,82.0,0,0.0,0,0.0,0,52.0,0,12.0,0,10170.0,0,84.0,0,6.0,0
2011-12-31,1416332,2011-12-31,12.43602189781022,13.0,0,56.0,0,92.0,0,0.0,0,0.0,0,2.0,0,13.0,0,10100.0,0,88.0,0,8.0,0
2012-01-01,1334462,2012-01-01,12.466265206812652,11.9,1,113.0,0,122.0,1,0.0,0,0.0,0,72.0,0,13.0,0,10048.0,0,88.0,0,7.0,0
2012-01-02,1453634,2012-01-02,12.754744525547444,12.6,0,42.0,0,81.0,0,63.0,0,0.0,0,20.0,0,49.0,0,10085.0,0,80.0,0,1.0,0
2012-01-03,1718922,2012-01-03,12.744045454545455,11.7,0,47.0,0,87.0,0,14.0,0,0.0,0,78.0,0,25.0,0,10031.0,0,82.0,0,5.0,0
2012-01-04,1776645,2012-01-04,12.741140476190475,11.0,0,44.0,0,81.0,0,4.0,0,0.0,0,20.0,0,18.0,0,10142.0,0,77.0,0,4.0,0
2012-01-05,1760429,2012-01-05,12.8480783847981,10.6,0,55.0,0,83.0,0,35.0,0,0.0,0,2.0,0,37.0,0,10050.0,0,68.0,0,4.0,0
2012-01-06,1756395,2012-01-06,12.719621749408983,10.6,0,33.0,0,70.0,0,48.0,0,0.0,0,0.0,0,44.0,0,10238.0,0,77.0,0,3.0,0
2012-01-07,1533331,2012-01-07,12.765459905660379,10.4,0,34.0,0,70.0,0,22.0,0,0.0,0,0.0,0,31.0,0,10219.0,0,71.0,0,6.0,0
2012-01-08,1515436,2012-01-08,13.39556973995272,12.8,0,73.0,0,89.0,0,1.0,0,0.0,0,0.0,0,15.0,0,10268.0,0,74.0,0,7.0,0
2012-01-09,1717958,2012-01-09,12.449049411764705,11.4,0,68.0,0,98.0,0,5.0,0,0.0,0,2.0,0,20.0,0,10297.0,0,84.0,0,7.0,0
2012-01-10,1740746,2012-01-10,11.976153846153847,11.2,0,86.0,0,100.0,0,7.0,0,0.0,0,0.0,0,22.0,0,10333.0,0,87.0,0,7.0,0
2012-01-11,1731438,2012-01-11,11.981207459207459,13.6,0,67.0,0,90.0,0,26.0,0,0.0,0,0.0,0,35.0,0,10330.0,0,83.0,0,5.0,0
2012-01-12,1736305,2012-01-12,12.056824884792627,7.1,1,66.0,0,101.0,1,15.0,0,0.0,0,0.0,0,28.0,0,10280.0,0,80.0,0,4.0,0
2012-01-13,1777312,2012-01-13,12.522756880733944,6.5,0,2.0,0,37.0,0,61.0,0,0.0,0,0.0,0,53.0,0,10330.0,0,84.0,0,0.0,0
2012-01-14,1653187,2012-01-14,13.49629840546697,6.7,0,-31.0,0,17.0,0,63.0,0,0.0,0,2.0,0,55.0,0,10301.0,0,84.0,0,1.0,0
2012-01-15,1609313,2012-01-15,14.27115945330296,7.2,0,-18.0,0,25.0,0,64.0,0,0.0,0,0.0,0,56.0,0,10248.0,0,77.0,0,1.0,0
2012-01-16,1857549,2012-01-16,13.047807606263982,8.7,0,-14.0,0,29.0,0,71.0,0,0.0,0,2.0,0,60.0,0,10254.0,0,73.0,0,0.0,0
2012-01-17,1904808,2012-01-17,13.26707126948775,12.4,0,-25.0,0,31.0,0,21.0,0,0.0,0,6.0,0,34.0,0,10277.0,0,79.0,0,3.0,0
2012-01-18,1832679,2012-01-18,12.789209251101322,11.0,0,-7.0,0,59.0,0,0.0,0,0.0,0,40.0,0,15.0,0,10239.0,0,93.0,0,7.0,0
2012-01-19,1768853,2012-01-19,12.274760775862068,11.3,0,84.0,0,97.0,0,18.0,0,0.0,0,8.0,0,33.0,0,10188.0,0,85.0,0,5.0,0
2012-01-20,1773986,2012-01-20,12.783027083333334,12.8,0,40.0,0,77.0,0,0.0,0,0.0,0,0.0,0,16.0,0,10196.0,0,77.0,0,6.0,0
2012-01-21,1556436,2012-01-21,12.735594320486816,12.0,0,74.0,0,101.0,0,19.0,0,0.0,0,0.0,0,35.0,0,10129.0,0,73.0,0,6.0,0
2012-01-22,1514410,2012-01-22,13.720799188640974,8.6,1,54.0,0,87.0,1,7.0,0,0.0,0,0.0,0,25.0,0,10146.0,0,67.0,0,5.0,0
2012-01-23,1766440,2012-01-23,12.614123772102161,10.4,0,34.0,0,60.0,0,0.0,0,0.0,0,14.0,0,17.0,0,10191.0,0,77.0,0,6.0,0
2012-01-24,1838054,2012-01-24,12.872251937984498,10.2,0,-6.0,0,49.0,0,0.0,0,0.0,0,62.0,0,17.0,0,10193.0,0,94.0,0,6.0,0
2012-01-25,1763841,2012-01-25,12.553495256166983,9.1,0,39.0,0,71.0,0,0.0,0,0.0,0,10.0,0,17.0,0,10152.0,0,88.0,0,8.0,0
2012-01-26,1767863,2012-01-26,12.37205440900563,9.3,0,63.0,0,77.0,0,35.0,0,0.0,0,2.0,0,48.0,0,10090.0,0,80.0,0,5.0,0
2012-01-27,1778348,2012-01-27,12.471985347985347,6.7,0,22.0,0,58.0,0,71.0,0,0.0,0,4.0,0,69.0,0,10192.0,0,78.0,0,1.0,0
2012-01-28,1624480,2012-01-28,13.367956678700361,4.9,0,19.0,0,43.0,0,12.0,0,0.0,0,0.0,0,33.0,0,10282.0,0,86.0,0,5.0,0
2012-01-29,1618432,2012-01-29,14.127586642599278,4.3,0,13.0,0,31.0,0,0.0,0,0.0,0,0.0,0,18.0,0,10309.0,0,89.0,0,8.0,0
2012-01-30,1862146,2012-01-30,13.451978835978835,2.3,1,5.0,0,24.0,1,1.0,0,0.0,0,0.0,0,21.0,0,10262.0,0,77.0,0,7.0,0
2012-01-31,1913851,2012-01-31,13.890518072289156,3.9,0,-11.0,0,6.0,0,2.0,0,0.0,0,0.0,0,23.0,0,10263.0,0,83.0,0,5.0,0
2012-02-01,1910925,2012-02-01,13.81496440677966,2.0,0,-9.0,0,15.0,0,76.0,0,0.0,0,0.0,0,77.0,0,10326.0,0,61.0,0,3.0,0
2012-02-02,1957102,2012-02-02,14.368799342105262,2.2,0,-32.0,0,-6.0,0,81.0,0,0.0,0,0.0,0,81.0,0,10361.0,0,52.0,0,0.0,0
2012-02-03,1947446,2012-02-03,14.52127432216906,1.9,0,-45.0,0,-12.0,0,66.0,0,2.0,0,0.0,0,73.0,0,10395.0,0,63.0,0,2.0,0
2012-02-04,1807100,2012-02-04,15.154135646687697,2.4,0,-63.0,0,-22.0,0,42.0,0,0.0,0,104.0,0,59.0,0,10360.0,0,79.0,0,3.0,0
2012-02-05,1716191,2012-02-05,15.940238170347005,4.5,0,-46.0,0,-11.0,0,0.0,0,7.0,0,0.0,0,21.0,0,10274.0,0,94.0,0,8.0,0
2012-02-06,1904803,2012-02-06,14.046691603053436,4.1,0,7.0,0,26.0,0,0.0,0,3.0,0,2.0,0,21.0,0,10331.0,0,93.0,0,8.0,0
2012-02-07,1935034,2012-02-07,13.88276611694153,0.7,1,11.0,1,26.0,1,47.0,0,0.0,0,0.0,0,66.0,0,10400.0,0,74.0,0,5.0,0
2012-02-08,2005075,2012-02-08,15.197053412462909,1.8,0,-35.0,0,-14.0,0,0.0,0,0.0,0,0.0,0,22.0,0,10412.0,0,71.0,0,8.0,0
2012-02-09,2001296,2012-02-09,14.402453744493393,2.4,0,-13.0,0,3.0,0,4.0,0,0.0,0,20.0,0,30.0,0,10394.0,0,77.0,0,8.0,0
2012-02-10,1957179,2012-02-10,14.607209770114943,2.4,0,-19.0,0,3.0,0,24.0,0,4.0,0,0.0,0,51.0,0,10382.0,0,80.0,0,5.0,0
2012-02-11,1788593,2012-02-11,14.873677142857144,4.8,0,-76.0,0,-26.0,0,82.0,0,2.0,0,0.0,0,92.0,0,10369.0,0,74.0,0,1.0,0
2012-02-12,1722619,2012-02-12,15.878634285714286,6.8,0,-68.0,0,-10.0,0,0.0,0,2.0,0,0.0,0,24.0,0,10347.0,0,85.0,0,7.0,0
2012-02-13,1870998,2012-02-13,14.305450564971752,8.7,0,-13.0,0,28.0,0,1.0,0,0.0,0,6.0,0,27.0,0,10277.0,0,89.0,0,7.0,0
2012-02-14,1841864,2012-02-14,13.653157082748947,11.2,0,30.0,0,59.0,0,5.0,0,0.0,0,0.0,0,34.0,0,10249.0,0,75.0,0,6.0,0
2012-02-15,1789548,2012-02-15,13.276776551724138,11.2,0,46.0,0,79.0,0,29.0,0,0.0,0,0.0,0,60.0,0,10256.0,0,72.0,0,6.0,0
2012-02-16,1773315,2012-02-16,12.593323328785813,12.2,0,25.0,0,69.0,0,21.0,0,0.0,0,0.0,0,53.0,0,10276.0,0,72.0,0,4.0,0
2012-02-17,1718732,2012-02-17,12.441717391304348,11.4,0,51.0,0,87.0,0,1.0,0,0.0,0,0.0,0,29.0,0,10233.0,0,84.0,0,7.0,0
2012-02-18,1529182,2012-02-18,12.954642276422764,7.3,1,80.0,1,97.0,1,4.0,0,0.0,0,28.0,0,35.0,0,10127.0,0,77.0,0,6.0,0
2012-02-19,1553884,2012-02-19,13.755036585365854,9.5,0,1.0,0,37.0,0,72.0,0,0.0,0,0.0,0,97.0,0,10244.0,0,63.0,0,1.0,0
2012-02-20,1799851,2012-02-20,13.306266578249335,12.5,0,-31.0,0,32.0,0,53.0,0,0.0,0,0.0,0,84.0,0,10321.0,0,68.0,0,5.0,0
2012-02-21,1757007,2012-02-21,12.639691503267974,12.5,0,13.0,0,69.0,0,12.0,0,0.0,0,0.0,0,48.0,0,10289.0,0,74.0,0,8.0,0
2012-02-22,1749513,2012-02-22,12.883607692307692,16.8,0,81.0,0,103.0,0,1.0,0,0.0,0,8.0,0,32.0,0,10240.0,0,83.0,0,8.0,0
2012-02-23,1682891,2012-02-23,11.622128950695322,14.7,0,83.0,0,126.0,0,59.0,0,0.0,0,0.0,0,93.0,0,10232.0,0,84.0,0,4.0,0
2012-02-24,1645198,2012-02-24,11.533195760598502,12.2,0,91.0,0,119.0,0,19.0,0,0.0,0,0.0,0,58.0,0,10275.0,0,83.0,0,7.0,0
2012-02-25,1498905,2012-02-25,11.80607701863354,13.3,0,74.0,0,98.0,0,65.0,0,0.0,0,0.0,0,100.0,0,10278.0,0,67.0,0,4.0,0
2012-02-26,1472854,2012-02-26,12.444221118012422,11.5,0,19.0,0,76.0,0,85.0,0,0.0,0,0.0,0,117.0,0,10284.0,0,76.0,0,1.0,0
2012-02-27,1696008,2012-02-27,12.196422466422467,13.1,0,52.0,0,84.0,0,0.0,0,0.0,0,0.0,0,31.0,0,10250.0,0,83.0,0,8.0,0
2012-02-28,1695535,2012-02-28,11.568446859903382,13.0,0,86.0,0,109.0,0,0.0,0,0.0,0,0.0,0,31.0,0,10241.0,0,86.0,0,8.0,0
2012-02-29,1682458,2012-02-29,11.516667852906286,14.4,0,85.0,0,108.0,0,0.0,0,0.0,0,0.0,0,32.0,0,10247.0,0,85.0,0,8.0,0
2012-03-01,1672179,2012-03-01,11.219012910798122,11.7,0,37.0,0,91.0,0,52.0,0,0.0,0,0.0,0,105.0,0,10263.0,0,84.0,0,5.0,0
2012-03-02,1672243,2012-03-02,11.84731170336037,15.0,0,32.0,0,75.0,0,34.0,0,0.0,0,0.0,0,88.0,0,10256.0,0,89.0,0,,9
2012-03-03,1485165,2012-03-03,12.2079225433526,9.4,1,66.0,0,108.0,1,34.0,0,0.0,0,22.0,0,89.0,0,10188.0,0,81.0,0,5.0,0
2012-03-04,1504726,2012-03-04,13.463506358381501,10.3,0,65.0,0,80.0,0,0.0,0,0.0,0,74.0,0,37.0,0,10167.0,0,88.0,0,8.0,0
2012-03-05,1726522,2012-03-05,12.716252004581902,8.9,0,32.0,0,68.0,0,78.0,0,0.0,0,0.0,0,135.0,0,10219.0,0,63.0,0,4.0,0
2012-03-06,1760995,2012-03-06,13.029193693693694,12.4,0,18.0,0,54.0,0,11.0,0,0.0,0,2.0,0,62.0,0,10254.0,0,75.0,0,4.0,0
2012-03-07,1727928,2012-03-07,12.757729398663697,12.1,0,38.0,0,81.0,0,10.0,0,0.0,0,38.0,0,62.0,0,10176.0,0,76.0,0,5.0,0
2012-03-08,1733622,2012-03-08,12.04493061674009,11.3,0,14.0,0,68.0,0,51.0,0,0.0,0,0.0,0,114.0,0,10308.0,0,68.0,0,3.0,0
2012-03-09,1688154,2012-03-09,12.156989106753812,15.8,0,48.0,0,81.0,0,0.0,0,0.0,0,0.0,0,40.0,0,10347.0,0,75.0,0,7.0,0
2012-03-10,1490155,2012-03-10,11.925032432432433,16.4,0,86.0,0,122.0,0,26.0,0,0.0,0,0.0,0,88.0,0,10367.0,0,81.0,0,7.0,0
2012-03-11,1423397,2012-03-11,12.048960000000001,14.9,0,53.0,0,109.0,0,67.0,0,0.0,0,2.0,0,135.0,0,10369.0,0,79.0,0,1.0,0
2012-03-12,1656456,2012-03-12,10.987727465535524,10.3,0,37.0,0,93.0,0,48.0,0,0.0,0,0.0,0,116.0,0,10351.0,0,87.0,0,4.0,0
2012-03-13,1697225,2012-03-13,10.996885654885656,13.5,0,49.0,0,76.0,0,26.0,0,0.0,0,0.0,0,91.0,0,10347.0,0,86.0,0,6.0,0
2012-03-14,1695951,2012-03-14,10.992513265306123,16.4,0,51.0,0,93.0,0,50.0,0,0.0,0,0.0,0,121.0,0,10313.0,0,79.0,0,5.0,0
2012-03-15,1697940,2012-03-15,10.969932338308457,9.9,0,11.0,0,88.0,0,76.0,0,0.0,0,0.0,0,151.0,0,10246.0,0,85.0,0,2.0,0
2012-03-16,1654139,2012-03-16,11.309622458857696,11.1,0,35.0,0,67.0,0,0.0,0,0.0,0,0.0,0,44.0,0,10190.0,0,75.0,0,8.0,0
2012-03-17,1493846,2012-03-17,12.043345192307692,10.4,0,73.0,0,92.0,0,0.0,0,0.0,0,22.0,0,45.0,0,10129.0,0,87.0,0,7.0,0
2012-03-18,1444662,2012-03-18,12.155441346153847,14.0,0,26.0,0,65.0,0,54.0,0,0.0,0,2.0,0,132.0,0,10175.0,0,83.0,0,3.0,0
2012-03-19,1655830,2012-03-19,11.055944911297852,15.5,0,9.0,0,75.0,0,110.0,0,0.0,0,0.0,0,191.0,0,10321.0,0,68.0,0,0.0,0
2012-03-20,1646439,2012-03-20,10.730913083257091,16.5,0,33.0,0,94.0,0,53.0,0,0.0,0,0.0,0,134.0,0,10348.0,0,72.0,0,4.0,0
2012-03-21,1643886,2012-03-21,10.380301869991095,18.2,0,79.0,0,122.0,0,82.0,0,0.0,0,0.0,0,167.0,0,10340.0,0,66.0,0,4.0,0
2012-03-22,1616750,2012-03-22,10.204812937062938,20.3,0,56.0,0,119.0,0,83.0,0,0.0,0,0.0,0,170.0,0,10292.0,0,66.0,0,1.0,0
2012-03-23,1581375,2012-03-23,10.123756985605418,20.1,0,65.0,0,134.0,0,96.0,0,0.0,0,0.0,0,185.0,0,10266.0,0,71.0,0,1.0,0
2012-03-24,1392323,2012-03-24,10.22777291841884,15.8,0,66.0,0,134.0,0,101.0,0,0.0,0,0.0,0,192.0,0,10286.0,0,70.0,0,0.0,0
2012-03-25,1286836,2012-03-25,10.697857863751052,18.9,0,53.0,0,106.0,0,96.0,0,0.0,0,0.0,0,189.0,0,10336.0,0,70.0,0,0.0,0
2012-03-26,1542300,2012-03-26,9.984955943474647,19.3,0,40.0,0,115.0,0,116.0,0,0.0,0,0.0,0,211.0,0,10363.0,0,66.0,0,0.0,0
2012-03-27,1547027,2012-03-27,9.567693508627773,22.8,0,48.0,0,121.0,0,119.0,0,0.0,0,0.0,0,216.0,0,10363.0,0,53.0,0,0.0,0
2012-03-28,1535022,2012-03-28,9.530815146579805,20.4,0,41.0,0,135.0,0,114.0,0,0.0,0,0.0,0,213.0,0,10325.0,0,46.0,0,0.0,0
2012-03-29,1519419,2012-03-29,9.341878048780488,16.9,0,61.0,0,133.0,0,112.0,0,0.0,0,0.0,0,213.0,0,10279.0,0,56.0,0,0.0,0
2012-03-30,1502803,2012-03-30,9.343317886178863,11.7,1,67.0,0,118.0,1,104.0,0,0.0,0,0.0,0,207.0,0,10241.0,0,70.0,0,0.0,0
2012-03-31,1373550,2012-03-31,10.423353322528364,13.7,0,66.0,0,92.0,0,0.0,0,0.0,0,0.0,0,54.0,0,10202.0,0,70.0,0,6.0,0
2012-04-01,1327681,2012-04-01,10.746523076923078,15.8,0,18.0,0,78.0,0,116.0,0,0.0,0,0.0,0,223.0,0,10206.0,0,60.0,0,0.0,0
2012-04-02,1561593,2012-04-02,9.926288643533123,15.1,0,33.0,0,96.0,0,102.0,0,0.0,0,0.0,0,210.0,0,10109.0,0,62.0,0,1.0,0
2012-04-03,1596525,2012-04-03,10.164702556158016,10.3,0,34.0,0,93.0,0,45.0,0,0.0,0,26.0,0,142.0,0,10031.0,0,74.0,0,4.0,0
2012-04-04,1632324,2012-04-04,10.250397114654517,9.3,0,24.0,0,64.0,0,47.0,0,0.0,0,2.0,0,146.0,0,10074.0,0,73.0,0,5.0,0
2012-04-05,1608377,2012-04-05,10.645233407904549,13.1,0,62.0,0,78.0,0,0.0,0,0.0,0,0.0,0,57.0,0,10189.0,0,73.0,0,6.0,0
2012-04-06,1448108,2012-04-06,10.55647690014903,11.2,0,-9.0,0,61.0,0,75.0,0,0.0,0,2.0,0,185.0,0,10159.0,0,66.0,0,3.0,0
2012-04-07,1381640,2012-04-07,10.313023117076808,14.2,0,58.0,0,85.0,0,1.0,0,0.0,0,6.0,0,64.0,0,10127.0,0,75.0,0,7.0,0
2012-04-08,1310882,2012-04-08,10.616332835820895,11.6,0,66.0,0,104.0,0,0.0,0,0.0,0,18.0,0,59.0,0,10121.0,0,80.0,0,7.0,0
2012-04-09,1361370,2012-04-09,10.632938105891126,14.8,0,82.0,0,99.0,0,0.0,0,0.0,0,40.0,0,59.0,0,9966.0,0,89.0,0,8.0,0
2012-04-10,1496610,2012-04-10,9.918651824817518,14.1,0,54.0,0,101.0,0,83.0,0,0.0,0,12.0,0,201.0,0,9903.0,0,69.0,0,2.0,0
2012-04-11,1565046,2012-04-11,10.063980042765502,13.2,0,33.0,0,87.0,0,83.0,0,0.0,0,0.0,0,203.0,0,9973.0,0,69.0,0,2.0,0
2012-04-12,1568947,2012-04-12,10.115361746361748,13.4,0,25.0,0,79.0,0,44.0,0,0.0,0,26.0,0,152.0,0,10032.0,0,76.0,0,4.0,0
2012-04-13,1546872,2012-04-13,10.017245436105476,12.3,0,28.0,0,81.0,0,47.0,0,0.0,0,0.0,0,157.0,0,10051.0,0,72.0,0,3.0,0
2012-04-14,1402738,2012-04-14,10.255278371161548,10.0,0,61.0,0,92.0,0,65.0,0,0.0,0,0.0,0,184.0,0,10083.0,0,67.0,0,6.0,0
2012-04-15,1364673,2012-04-15,11.126346461949266,12.3,0,30.0,0,65.0,0,71.0,0,0.0,0,0.0,0,193.0,0,10204.0,0,64.0,0,3.0,0
2012-04-16,1592859,2012-04-16,10.444852067183461,14.8,0,5.0,0,64.0,0,75.0,0,0.0,0,14.0,0,200.0,0,10245.0,0,58.0,0,4.0,0
2012-04-17,1591711,2012-04-17,10.763113195747342,12.4,0,52.0,0,100.0,0,45.0,0,0.0,0,36.0,0,159.0,0,10012.0,0,72.0,0,6.0,0
2012-04-18,1644345,2012-04-18,10.793320800485143,11.9,0,54.0,0,89.0,0,6.0,0,0.0,0,52.0,0,87.0,0,9811.0,0,85.0,0,8.0,0
2012-04-19,1636248,2012-04-19,10.692765468473777,13.1,0,61.0,0,90.0,0,18.0,0,0.0,0,20.0,0,115.0,0,9847.0,0,87.0,0,7.0,0
2012-04-20,1585721,2012-04-20,10.284972445464982,14.8,0,40.0,0,86.0,0,67.0,0,0.0,0,72.0,0,194.0,0,9933.0,0,81.0,0,5.0,0
2012-04-21,1416023,2012-04-21,10.237361111111111,15.3,0,29.0,0,89.0,0,67.0,0,0.0,0,0.0,0,195.0,0,9974.0,0,73.0,0,4.0,0
2012-04-22,1377199,2012-04-22,10.67595802609189,10.6,0,43.0,0,98.0,0,81.0,0,0.0,0,24.0,0,215.0,0,10026.0,0,77.0,0,4.0,0
2012-04-23,1607577,2012-04-23,10.23329895201324,14.1,0,63.0,0,85.0,0,26.0,0,0.0,0,42.0,0,133.0,0,9949.0,0,86.0,0,7.0,0
2012-04-24,1620859,2012-04-24,10.032602791196995,12.7,0,68.0,0,105.0,0,25.0,0,0.0,0,54.0,0,132.0,0,9974.0,0,72.0,0,6.0,0
2012-04-25,1656368,2012-04-25,10.497288632792038,14.9,0,61.0,0,94.0,0,9.0,0,0.0,0,112.0,0,99.0,0,9873.0,0,86.0,0,7.0,0
2012-04-26,1612669,2012-04-26,9.912728388746803,15.8,0,75.0,0,112.0,0,49.0,0,0.0,0,32.0,0,174.0,0,9942.0,0,75.0,0,6.0,0
2012-04-27,1580098,2012-04-27,9.659546580773043,9.7,1,89.0,0,124.0,1,52.0,0,0.0,0,24.0,0,180.0,0,10102.0,0,75.0,0,6.0,0
2012-04-28,1429702,2012-04-28,10.718921828908554,15.2,0,83.0,0,90.0,0,0.0,0,0.0,0,184.0,0,70.0,0,10149.0,0,91.0,0,8.0,0
2012-04-29,1440287,2012-04-29,11.558543488943489,19.2,0,56.0,0,104.0,0,10.0,0,0.0,0,38.0,0,105.0,0,10045.0,0,86.0,0,6.0,0
2012-04-30,1557148,2012-04-30,9.337549976314543,17.6,0,77.0,0,135.0,0,108.0,0,0.0,0,148.0,0,260.0,0,10122.0,0,65.0,0,3.0,0
2012-05-01,1597212,2012-05-01,9.206823691460055,14.7,0,113.0,0,145.0,0,53.0,0,0.0,0,0.0,0,186.0,0,10162.0,0,81.0,0,6.0,0
2012-05-02,1589997,2012-05-02,9.285732142857142,9.4,1,98.0,1,123.0,1,1.0,0,0.0,0,6.0,0,79.0,0,10196.0,0,82.0,0,8.0,0
2012-05-03,1628270,2012-05-03,10.018935919790758,10.0,0,81.0,0,88.0,0,0.0,0,0.0,0,0.0,0,72.0,0,10120.0,0,88.0,0,8.0,0
2012-05-04,1599007,2012-05-04,9.998387082976903,10.3,0,72.0,0,86.0,0,0.0,0,0.0,0,0.0,0,73.0,0,10070.0,0,82.0,0,8.0,0
2012-05-05,1414921,2012-05-05,10.231546033092915,10.4,0,56.0,0,80.0,0,4.0,0,0.0,0,2.0,0,92.0,0,10099.0,0,71.0,0,8.0,0
2012-05-06,1354551,2012-05-06,10.631813401187447,15.1,0,53.0,0,79.0,0,0.0,0,0.0,0,0.0,0,74.0,0,10142.0,0,70.0,0,7.0,0
2012-05-07,1391626,2012-05-07,10.51264646036456,18.1,0,31.0,0,91.0,0,28.0,0,0.0,0,22.0,0,148.0,0,10138.0,0,83.0,0,6.0,0
2012-05-08,1535240,2012-05-08,9.218983753046304,16.8,0,99.0,0,140.0,0,28.0,0,0.0,0,22.0,0,149.0,0,10071.0,0,78.0,0,7.0,0
2012-05-09,1581548,2012-05-09,9.481354992076069,17.1,0,98.0,0,133.0,0,0.0,0,0.0,0,58.0,0,75.0,0,10083.0,0,92.0,0,7.0,0
2012-05-10,1543156,2012-05-10,9.198219257540604,16.5,0,120.0,0,146.0,0,0.0,0,0.0,0,44.0,0,75.0,0,10093.0,0,89.0,0,8.0,0
2012-05-11,1486998,2012-05-11,8.729915572232645,15.7,0,107.0,0,136.0,0,95.0,0,0.0,0,0.0,0,255.0,0,10224.0,0,62.0,0,4.0,0
2012-05-12,1326893,2012-05-12,9.152305027932961,17.3,0,46.0,0,102.0,0,106.0,0,0.0,0,0.0,0,271.0,0,10371.0,0,54.0,0,2.0,0
2012-05-13,1263123,2012-05-13,9.49702122905028,12.5,0,49.0,0,111.0,0,95.0,0,0.0,0,0.0,0,257.0,0,10302.0,0,60.0,0,2.0,0
2012-05-14,1491159,2012-05-14,9.188819624819624,12.4,0,64.0,0,95.0,0,11.0,0,0.0,0,36.0,0,116.0,0,10164.0,0,79.0,0,5.0,0
2012-05-15,1541473,2012-05-15,9.454046633941093,14.9,0,50.0,0,87.0,0,27.0,0,0.0,0,22.0,0,151.0,0,10162.0,0,80.0,0,5.0,0
2012-05-16,1544263,2012-05-16,8.09679030594706,15.5,0,31.0,0,90.0,0,80.0,0,0.0,0,0.0,0,238.0,0,10253.0,0,62.0,0,4.0,0
2012-05-17,1546499,2012-05-17,8.816307178631051,16.2,0,66.0,0,111.0,0,7.0,0,0.0,0,0.0,0,106.0,0,10167.0,0,66.0,0,7.0,0
2012-05-18,1508040,2012-05-18,9.053861084063616,17.4,0,92.0,0,127.0,0,7.0,0,0.0,0,0.0,0,107.0,0,10044.0,0,75.0,0,6.0,0
2012-05-19,1351303,2012-05-19,9.0010769726248,11.9,1,113.0,0,144.0,1,16.0,0,0.0,0,0.0,0,130.0,0,10096.0,0,77.0,0,8.0,0
2012-05-20,1311460,2012-05-20,9.790544752092725,17.5,0,87.0,0,103.0,0,0.0,0,0.0,0,0.0,0,79.0,0,10109.0,0,81.0,0,8.0,0
2012-05-21,1484604,2012-05-21,8.813533916849016,25.7,0,92.0,0,134.0,0,27.0,0,0.0,0,0.0,0,154.0,0,10096.0,0,78.0,0,5.0,0
2012-05-22,1471893,2012-05-22,8.22785083713851,27.2,0,109.0,0,183.0,0,112.0,0,0.0,0,0.0,0,287.0,0,10149.0,0,69.0,0,3.0,0
2012-05-23,1471420,2012-05-23,8.031598925693823,27.0,0,142.0,0,207.0,0,117.0,0,0.0,0,0.0,0,294.0,0,10227.0,0,69.0,0,1.0,0
2012-05-24,1475816,2012-05-24,7.960995596007047,25.9,0,160.0,0,215.0,0,123.0,0,0.0,0,0.0,0,302.0,0,10258.0,0,72.0,0,1.0,0
2012-05-25,1409278,2012-05-25,7.963798960138647,25.9,0,162.0,0,211.0,0,139.0,0,0.0,0,0.0,0,323.0,0,10232.0,0,58.0,0,0.0,0
2012-05-26,1225169,2012-05-26,8.124223725885402,27.6,0,143.0,0,201.0,0,143.0,0,0.0,0,0.0,0,329.0,0,10201.0,0,53.0,0,0.0,0
2012-05-27,1200431,2012-05-27,8.439693149107656,26.3,0,138.0,0,207.0,0,141.0,0,0.0,0,0.0,0,327.0,0,10184.0,0,51.0,0,0.0,0
2012-05-28,1437117,2012-05-28,8.101152927799886,23.8,0,136.0,0,200.0,0,119.0,0,0.0,0,0.0,0,299.0,0,10178.0,0,58.0,0,1.0,0
2012-05-29,1448795,2012-05-29,8.005065527863344,25.4,0,144.0,0,191.0,0,89.0,0,0.0,0,0.0,0,259.0,0,10174.0,0,70.0,0,1.0,0
2012-05-30,1452410,2012-05-30,7.968315076071923,20.8,0,128.0,0,191.0,0,93.0,0,0.0,0,42.0,0,265.0,0,10179.0,0,71.0,0,3.0,0
2012-05-31,1452836,2012-05-31,8.069431025081789,21.4,0,128.0,0,168.0,0,5.0,0,0.0,0,0.0,0,105.0,0,10188.0,0,75.0,0,5.0,0
2012-06-01,1426348,2012-06-01,8.146023405972558,19.5,0,128.0,0,171.0,0,14.0,0,0.0,0,10.0,0,130.0,0,10191.0,0,75.0,0,7.0,0
2012-06-02,1255902,2012-06-02,8.44687436514301,12.7,1,124.0,0,160.0,1,16.0,0,0.0,0,48.0,0,136.0,0,10144.0,0,83.0,0,7.0,0
2012-06-03,1225863,2012-06-03,9.303202139037435,14.9,0,109.0,0,118.0,0,0.0,0,0.0,0,140.0,0,80.0,0,10072.0,0,94.0,0,8.0,0
2012-06-04,1210494,2012-06-04,8.837111734830259,16.2,0,73.0,0,111.0,0,31.0,0,0.0,0,2.0,0,168.0,0,10145.0,0,75.0,0,6.0,0
2012-06-05,1258877,2012-06-05,9.226317829457365,18.8,0,70.0,0,116.0,0,1.0,0,0.0,0,70.0,0,88.0,0,10139.0,0,82.0,0,6.0,0
2012-06-06,1392221,2012-06-06,8.42571451187335,17.8,0,114.0,0,151.0,0,54.0,0,0.0,0,32.0,0,210.0,0,10024.0,0,80.0,0,5.0,0
2012-06-07,1439209,2012-06-07,8.751595467569679,16.3,0,124.0,0,151.0,0,3.0,0,0.0,0,148.0,0,98.0,0,9976.0,0,85.0,0,7.0,0
2012-06-08,1402332,2012-06-08,8.807170832259727,19.5,0,122.0,0,143.0,0,10.0,0,0.0,0,2.0,0,121.0,0,9985.0,0,76.0,0,7.0,0
2012-06-09,1247731,2012-06-09,8.554025588536335,17.3,0,108.0,0,152.0,0,77.0,0,0.0,0,0.0,0,246.0,0,10098.0,0,59.0,0,4.0,0
2012-06-10,1243106,2012-06-10,9.117167903762478,13.0,0,79.0,0,126.0,0,18.0,0,0.0,0,262.0,0,142.0,0,10082.0,0,78.0,0,5.0,0
2012-06-11,1471448,2012-06-11,9.444557273188037,15.4,0,116.0,0,123.0,0,0.0,0,0.0,0,102.0,0,81.0,0,10022.0,0,94.0,0,8.0,0
2012-06-12,1487219,2012-06-12,9.158374310085298,18.3,0,103.0,0,129.0,0,0.0,0,0.0,0,2.0,0,81.0,0,10094.0,0,80.0,0,8.0,0
2012-06-13,1477772,2012-06-13,6.989766383191595,18.6,0,76.0,0,130.0,0,73.0,0,0.0,0,0.0,0,241.0,0,10165.0,0,63.0,0,4.0,0
2012-06-14,1460127,2012-06-14,8.14549264516129,19.3,0,83.0,0,135.0,0,54.0,0,0.0,0,54.0,0,211.0,0,10157.0,0,70.0,0,4.0,0
2012-06-15,1430485,2012-06-15,7.227600562947799,19.3,0,124.0,0,159.0,0,53.0,0,0.0,0,18.0,0,210.0,0,10079.0,0,75.0,0,5.0,0
2012-06-16,1272645,2012-06-16,7.797470795024337,20.4,0,124.0,0,159.0,0,39.0,0,0.0,0,0.0,0,185.0,0,10086.0,0,70.0,0,6.0,0
2012-06-17,1235449,2012-06-17,8.90575,19.5,0,118.0,0,161.0,0,61.0,0,0.0,0,42.0,0,223.0,0,10164.0,0,66.0,0,5.0,0
2012-06-18,1434245,2012-06-18,8.453043996110841,20.5,0,110.0,0,153.0,0,46.0,0,0.0,0,0.0,0,198.0,0,10172.0,0,71.0,0,6.0,0
2012-06-19,1438060,2012-06-19,8.120382865440464,22.7,0,95.0,0,150.0,0,71.0,0,0.0,0,0.0,0,238.0,0,10192.0,0,66.0,0,4.0,0
2012-06-20,1440075,2012-06-20,8.035481052377504,20.4,0,116.0,0,172.0,0,77.0,0,0.0,0,56.0,0,247.0,0,10163.0,0,59.0,0,4.0,0
2012-06-21,1469124,2012-06-21,8.40507731213873,18.7,0,139.0,0,172.0,0,13.0,0,0.0,0,28.0,0,130.0,0,10057.0,0,84.0,0,7.0,0
2012-06-22,1408273,2012-06-22,8.449993267612406,20.2,0,111.0,0,149.0,0,7.0,0,0.0,0,2.0,0,113.0,0,10107.0,0,74.0,0,7.0,0
2012-06-23,1237564,2012-06-23,8.609543842836606,20.9,0,108.0,0,155.0,0,50.0,0,0.0,0,88.0,0,205.0,0,10194.0,0,69.0,0,5.0,0
2012-06-24,1220371,2012-06-24,8.993217297556301,22.5,0,116.0,0,163.0,0,65.0,0,0.0,0,0.0,0,229.0,0,10122.0,0,75.0,0,5.0,0
2012-06-25,1423431,2012-06-25,8.268517101171968,22.3,0,119.0,0,172.0,0,89.0,0,0.0,0,0.0,0,264.0,0,10176.0,0,67.0,0,4.0,0
2012-06-26,1461914,2012-06-26,8.2293715651135,23.4,0,138.0,0,181.0,0,43.0,0,0.0,0,0.0,0,192.0,0,10200.0,0,70.0,0,7.0,0
2012-06-27,1473552,2012-06-27,8.25614630071599,27.6,0,174.0,0,204.0,0,16.0,0,0.0,0,2.0,0,137.0,0,10173.0,0,81.0,0,6.0,0
2012-06-28,1480419,2012-06-28,8.134162374821173,21.6,1,167.0,0,222.0,1,94.0,0,0.0,0,0.0,0,271.0,0,10051.0,0,73.0,0,3.0,0
2012-06-29,1391613,2012-06-29,8.202989283162658,21.6,0,135.0,0,176.0,0,27.0,0,0.0,0,0.0,0,161.0,0,10048.0,0,75.0,0,5.0,0
2012-06-30,1227046,2012-06-30,8.178164647184603,19.3,0,152.0,0,184.0,0,83.0,0,0.0,0,0.0,0,255.0,0,10081.0,0,69.0,0,4.0,0
2012-07-01,1184289,2012-07-01,8.687179657794678,17.9,0,106.0,0,150.0,0,72.0,0,0.0,0,8.0,0,238.0,0,10144.0,0,69.0,0,4.0,0
2012-07-02,1436381,2012-07-02,8.574341074360778,19.3,0,124.0,0,152.0,0,0.0,0,0.0,0,48.0,0,80.0,0,10152.0,0,84.0,0,7.0,0
2012-07-03,1477970,2012-07-03,8.326741596638655,22.2,0,147.0,0,170.0,0,0.0,0,0.0,0,58.0,0,80.0,0,10135.0,0,90.0,0,8.0,0
2012-07-04,1476238,2012-07-04,8.22653003533569,22.5,0,157.0,0,190.0,0,17.0,0,0.0,0,0.0,0,138.0,0,10094.0,0,86.0,0,7.0,0
2012-07-05,1461317,2012-07-05,8.087922953081875,19.0,0,137.0,0,181.0,0,42.0,0,0.0,0,12.0,0,188.0,0,10093.0,0,72.0,0,7.0,0
2012-07-06,1449470,2012-07-06,8.197726801801801,19.4,0,150.0,0,170.0,0,13.0,0,0.0,0,82.0,0,128.0,0,10074.0,0,85.0,0,7.0,0
2012-07-07,1265297,2012-07-07,8.445385061315497,22.0,0,120.0,0,157.0,0,18.0,0,0.0,0,70.0,0,140.0,0,10070.0,0,82.0,0,7.0,0
2012-07-08,1232472,2012-07-08,9.079390858416945,18.8,0,141.0,0,181.0,0,40.0,0,0.0,0,26.0,0,184.0,0,10057.0,0,82.0,0,7.0,0
2012-07-09,1438950,2012-07-09,8.496319242624395,18.7,0,144.0,0,166.0,0,0.0,0,0.0,0,2.0,0,79.0,0,10111.0,0,83.0,0,8.0,0
2012-07-10,1465357,2012-07-10,8.334662527233116,20.2,0,131.0,0,159.0,0,17.0,0,0.0,0,62.0,0,137.0,0,10108.0,0,83.0,0,8.0,0
2012-07-11,1437988,2012-07-11,8.212896269139529,19.3,0,118.0,0,160.0,0,78.0,0,0.0,0,58.0,0,244.0,0,10109.0,0,75.0,0,5.0,0
2012-07-12,1443165,2012-07-12,8.240253632478632,20.1,0,96.0,0,145.0,0,72.0,0,0.0,0,90.0,0,234.0,0,10119.0,0,81.0,0,4.0,0
2012-07-13,1420733,2012-07-13,8.228490774125133,16.9,0,130.0,0,166.0,0,35.0,0,0.0,0,60.0,0,173.0,0,10018.0,0,83.0,0,7.0,0
2012-07-14,1267945,2012-07-14,8.595460662307529,18.8,0,135.0,0,152.0,0,12.0,0,0.0,0,30.0,0,123.0,0,10051.0,0,87.0,0,8.0,0
2012-07-15,1196908,2012-07-15,8.638475638051045,18.7,0,123.0,0,156.0,0,54.0,0,0.0,0,2.0,0,205.0,0,10157.0,0,69.0,0,6.0,0
2012-07-16,1435828,2012-07-16,8.57282552742616,23.8,0,128.0,0,158.0,0,0.0,0,0.0,0,16.0,0,77.0,0,10198.0,0,85.0,0,8.0,0
2012-07-17,1444928,2012-07-17,8.146882489451476,19.2,0,137.0,0,188.0,0,42.0,0,0.0,0,0.0,0,184.0,0,10223.0,0,77.0,0,5.0,0
2012-07-18,1427427,2012-07-18,8.263541657878084,20.3,0,145.0,0,169.0,0,4.0,0,0.0,0,16.0,0,98.0,0,10131.0,0,85.0,0,8.0,0
2012-07-19,1436825,2012-07-19,8.252978894048121,19.0,0,131.0,0,167.0,0,55.0,0,0.0,0,2.0,0,204.0,0,10108.0,0,72.0,0,6.0,0
2012-07-20,1418508,2012-07-20,8.234110853530032,20.7,0,124.0,0,157.0,0,38.0,0,0.0,0,20.0,0,175.0,0,10166.0,0,75.0,0,6.0,0
2012-07-21,1236476,2012-07-21,8.138008219178083,23.3,0,117.0,0,162.0,0,73.0,0,0.0,0,0.0,0,231.0,0,10239.0,0,66.0,0,5.0,0
2012-07-22,1166432,2012-07-22,8.24220885142255,27.4,0,126.0,0,180.0,0,135.0,0,0.0,0,0.0,0,311.0,0,10267.0,0,64.0,0,2.0,0
2012-07-23,1376333,2012-07-23,7.992941226037497,28.9,0,126.0,0,200.0,0,144.0,0,0.0,0,0.0,0,321.0,0,10228.0,0,57.0,0,0.0,0
2012-07-24,1427298,2012-07-24,7.914892729188619,30.2,0,147.0,0,218.0,0,144.0,0,0.0,0,0.0,0,320.0,0,10180.0,0,55.0,0,0.0,0
2012-07-25,1443577,2012-07-25,7.999864096080911,27.4,0,164.0,0,233.0,0,116.0,0,0.0,0,0.0,0,285.0,0,10166.0,0,50.0,0,1.0,0
2012-07-26,1439913,2012-07-26,7.914685985247629,24.8,0,162.0,0,218.0,0,135.0,0,0.0,0,0.0,0,307.0,0,10179.0,0,56.0,0,0.0,0
2012-07-27,1394284,2012-07-27,8.224382898062343,21.6,0,161.0,0,205.0,0,4.0,0,0.0,0,0.0,0,95.0,0,10126.0,0,69.0,0,6.0,0
2012-07-28,1208170,2012-07-28,8.094585422372026,18.9,0,145.0,0,181.0,0,72.0,0,0.0,0,0.0,0,224.0,0,10108.0,0,54.0,0,4.0,0
2012-07-29,1169088,2012-07-29,8.56678601516428,20.7,0,110.0,0,150.0,0,77.0,0,0.0,0,16.0,0,230.0,0,10118.0,0,73.0,0,3.0,0
2012-07-30,1342080,2012-07-30,8.081812342038754,20.8,0,98.0,0,153.0,0,102.0,0,0.0,0,38.0,0,263.0,0,10153.0,0,58.0,0,3.0,0
2012-07-31,1399669,2012-07-31,8.205022717711401,23.6,0,108.0,0,158.0,0,5.0,0,0.0,0,2.0,0,96.0,0,10144.0,0,85.0,0,6.0,0
2012-08-01,1385813,2012-08-01,8.064903639806438,22.8,0,128.0,0,182.0,0,21.0,0,0.0,0,4.0,0,136.0,0,10092.0,0,78.0,0,5.0,0
2012-08-02,1389754,2012-08-02,7.96554281506417,23.0,0,149.0,0,189.0,0,66.0,0,0.0,0,0.0,0,211.0,0,10104.0,0,74.0,0,6.0,0
2012-08-03,1364012,2012-08-03,7.995904221802142,21.3,0,128.0,0,179.0,0,98.0,0,0.0,0,22.0,0,253.0,0,10124.0,0,72.0,0,2.0,0
2012-08-04,1226501,2012-08-04,8.154836378911993,21.5,0,142.0,0,178.0,0,55.0,0,0.0,0,18.0,0,193.0,0,10097.0,0,78.0,0,5.0,0
2012-08-05,1208515,2012-08-05,8.666727731092438,22.3,0,125.0,0,170.0,0,63.0,0,0.0,0,12.0,0,204.0,0,10071.0,0,80.0,0,4.0,0
2012-08-06,1384272,2012-08-06,8.267403906742281,20.3,0,147.0,0,185.0,0,47.0,0,0.0,0,24.0,0,179.0,0,10095.0,0,78.0,0,7.0,0
2012-08-07,1407128,2012-08-07,8.213259609325771,23.7,0,110.0,0,157.0,0,10.0,0,0.0,0,10.0,0,107.0,0,10198.0,0,79.0,0,6.0,0
2012-08-08,1417725,2012-08-08,8.003545263600085,26.3,0,147.0,0,192.0,0,40.0,0,0.0,0,2.0,0,166.0,0,10227.0,0,76.0,0,5.0,0
2012-08-09,1403066,2012-08-09,7.97107120352867,26.9,0,132.0,0,198.0,0,112.0,0,0.0,0,0.0,0,264.0,0,10257.0,0,64.0,0,1.0,0
2012-08-10,1379099,2012-08-10,7.967111764705882,24.1,0,148.0,0,209.0,0,105.0,0,0.0,0,0.0,0,254.0,0,10259.0,0,65.0,0,2.0,0
2012-08-11,1215031,2012-08-11,8.029549159663866,26.9,0,147.0,0,194.0,0,100.0,0,0.0,0,0.0,0,247.0,0,10205.0,0,64.0,0,1.0,0
2012-08-12,1203945,2012-08-12,8.401441806722689,23.8,0,153.0,0,211.0,0,78.0,0,0.0,0,0.0,0,217.0,0,10120.0,0,68.0,0,3.0,0
2012-08-13,1417487,2012-08-13,8.083907162360848,25.1,0,146.0,0,192.0,0,8.0,0,0.0,0,28.0,0,98.0,0,10110.0,0,80.0,0,7.0,0
2012-08-14,1427992,2012-08-14,7.888000420079814,23.0,0,173.0,0,212.0,0,87.0,0,0.0,0,0.0,0,227.0,0,10110.0,0,73.0,0,5.0,0
2012-08-15,1432190,2012-08-15,8.094527200168033,22.9,0,180.0,0,205.0,0,15.0,0,0.0,0,8.0,0,113.0,0,10062.0,0,74.0,0,4.0,0
2012-08-16,1412810,2012-08-16,7.9581808823529405,28.5,0,159.0,0,194.0,0,39.0,0,0.0,0,0.0,0,157.0,0,10141.0,0,68.0,0,4.0,0
2012-08-17,1405326,2012-08-17,7.77314537815126,30.3,0,179.0,0,232.0,0,67.0,0,0.0,0,0.0,0,197.0,0,10136.0,0,60.0,0,4.0,0
2012-08-18,1270328,2012-08-18,8.01485017860895,30.5,0,184.0,0,244.0,0,125.0,0,0.0,0,0.0,0,266.0,0,10139.0,0,62.0,0,1.0,0
2012-08-19,1243000,2012-08-19,8.555516915318345,25.5,0,174.0,0,240.0,0,110.0,0,0.0,0,0.0,0,248.0,0,10153.0,0,68.0,0,1.0,0
2012-08-20,1433982,2012-08-20,8.14300483396385,22.2,0,168.0,0,212.0,0,50.0,0,0.0,0,0.0,0,170.0,0,10194.0,0,72.0,0,3.0,0
2012-08-21,1442786,2012-08-21,7.942754463348035,23.4,0,160.0,0,191.0,0,17.0,0,0.0,0,2.0,0,113.0,0,10176.0,0,75.0,0,6.0,0
2012-08-22,1400519,2012-08-22,7.845714045769473,22.4,0,129.0,0,182.0,0,69.0,0,0.0,0,0.0,0,193.0,0,10174.0,0,70.0,0,4.0,0
2012-08-23,1434193,2012-08-23,7.823503464203234,20.8,0,126.0,0,175.0,0,62.0,0,0.0,0,0.0,0,183.0,0,10142.0,0,69.0,0,6.0,0
2012-08-24,1409718,2012-08-24,7.899372664287214,22.5,0,137.0,0,173.0,0,8.0,0,0.0,0,10.0,0,90.0,0,10048.0,0,77.0,0,8.0,0
2012-08-25,1250707,2012-08-25,8.124167996640068,21.5,0,154.0,0,190.0,0,28.0,0,0.0,0,164.0,0,130.0,0,10013.0,0,85.0,0,7.0,0
2012-08-26,1178675,2012-08-26,8.100649443394245,22.6,0,129.0,0,172.0,0,67.0,0,0.0,0,0.0,0,186.0,0,10151.0,0,65.0,0,4.0,0
2012-08-27,1222376,2012-08-27,8.315278722957363,24.2,0,112.0,0,169.0,0,31.0,0,0.0,0,22.0,0,133.0,0,10137.0,0,77.0,0,5.0,0
2012-08-28,1406534,2012-08-28,8.048102687946242,21.0,0,139.0,0,191.0,0,97.0,0,0.0,0,0.0,0,219.0,0,10130.0,0,74.0,0,4.0,0
2012-08-29,1444244,2012-08-29,8.294930911381773,18.1,0,132.0,0,171.0,0,33.0,0,0.0,0,38.0,0,134.0,0,10124.0,0,84.0,0,4.0,0
2012-08-30,1432548,2012-08-30,8.337312539382483,18.8,0,133.0,0,157.0,0,25.0,0,0.0,0,0.0,0,120.0,0,10169.0,0,76.0,0,5.0,0
2012-08-31,1409157,2012-08-31,8.098455900881982,22.8,0,59.0,0,124.0,0,93.0,0,0.0,0,0.0,0,209.0,0,10290.0,0,59.0,0,3.0,0
2012-09-01,1252129,2012-09-01,8.300149548414199,18.8,0,130.0,0,179.0,0,20.0,0,0.0,0,0.0,0,105.0,0,10260.0,0,70.0,0,6.0,0
2012-09-02,1245915,2012-09-02,9.001514699706007,24.7,0,125.0,0,157.0,0,0.0,0,0.0,0,0.0,0,55.0,0,10247.0,0,88.0,0,5.0,0
2012-09-03,1432818,2012-09-03,8.364258979206049,25.1,0,142.0,0,195.0,0,102.0,0,0.0,0,0.0,0,206.0,0,10257.0,0,69.0,0,2.0,0
2012-09-04,1469411,2012-09-04,8.338471971446568,20.7,0,136.0,0,194.0,0,60.0,0,0.0,0,0.0,0,158.0,0,10237.0,0,75.0,0,4.0,0
2012-09-05,1442808,2012-09-05,8.157019517313746,21.7,0,111.0,0,159.0,0,123.0,0,0.0,0,0.0,0,223.0,0,10272.0,0,59.0,0,1.0,0
2012-09-06,1428463,2012-09-06,8.07335405291894,26.4,0,83.0,0,150.0,0,111.0,0,0.0,0,0.0,0,210.0,0,10282.0,0,64.0,0,0.0,0
2012-09-07,1415546,2012-09-07,8.036352644836272,27.3,0,106.0,0,185.0,0,124.0,0,0.0,0,0.0,0,220.0,0,10245.0,0,61.0,0,0.0,0
2012-09-08,1262188,2012-09-08,8.235763434089002,28.3,0,95.0,0,184.0,0,118.0,0,0.0,0,0.0,0,213.0,0,10204.0,0,59.0,0,0.0,0
2012-09-09,1211065,2012-09-09,8.59237510495382,21.5,0,97.0,0,190.0,0,95.0,0,0.0,0,0.0,0,189.0,0,10115.0,0,66.0,0,1.0,0
2012-09-10,1428096,2012-09-10,8.511590050377833,19.0,0,163.0,0,189.0,0,18.0,0,0.0,0,0.0,0,93.0,0,10100.0,0,77.0,0,7.0,0
2012-09-11,1427776,2012-09-11,8.23731500524659,19.0,0,141.0,0,166.0,0,68.0,0,0.0,0,0.0,0,157.0,0,10127.0,0,59.0,0,4.0,0
2012-09-12,1455948,2012-09-12,8.27887156924366,19.2,0,70.0,0,130.0,0,34.0,0,0.0,0,20.0,0,115.0,0,10148.0,0,72.0,0,4.0,0
2012-09-13,1450771,2012-09-13,8.23255736677116,21.0,0,69.0,0,131.0,0,101.0,0,0.0,0,0.0,0,188.0,0,10190.0,0,68.0,0,2.0,0
2012-09-14,1402444,2012-09-14,8.292168298271193,22.9,0,125.0,0,168.0,0,50.0,0,0.0,0,0.0,0,133.0,0,10137.0,0,65.0,0,5.0,0
2012-09-15,1261047,2012-09-15,8.401202666111226,18.9,0,83.0,0,156.0,0,109.0,0,0.0,0,0.0,0,191.0,0,10173.0,0,69.0,0,1.0,0
2012-09-16,1231106,2012-09-16,9.018018742190753,19.5,0,131.0,0,160.0,0,25.0,0,0.0,0,0.0,0,98.0,0,10131.0,0,73.0,0,6.0,0
2012-09-17,1430421,2012-09-17,8.565412008281575,18.1,0,131.0,0,163.0,0,42.0,0,0.0,0,0.0,0,119.0,0,10124.0,0,69.0,0,6.0,0
2012-09-18,1445862,2012-09-18,8.485856671478656,17.8,0,113.0,0,147.0,0,85.0,0,0.0,0,0.0,0,164.0,0,10139.0,0,63.0,0,2.0,0
2012-09-19,1468299,2012-09-19,8.668820164609054,17.8,0,63.0,0,121.0,0,103.0,0,0.0,0,0.0,0,178.0,0,10221.0,0,62.0,0,2.0,0
2012-09-20,1490144,2012-09-20,8.63660123076923,16.8,0,87.0,0,133.0,0,32.0,0,0.0,0,0.0,0,103.0,0,10207.0,0,68.0,0,4.0,0
2012-09-21,1476884,2012-09-21,8.806403232405891,16.8,0,102.0,0,135.0,0,1.0,0,0.0,0,10.0,0,49.0,0,10155.0,0,76.0,0,4.0,0
2012-09-22,1297880,2012-09-22,8.992761456628479,15.0,0,61.0,0,115.0,0,96.0,0,0.0,0,0.0,0,167.0,0,10196.0,0,66.0,0,1.0,0
2012-09-23,1298588,2012-09-23,10.485012891344383,16.0,0,84.0,0,117.0,0,0.0,0,0.0,0,218.0,0,43.0,0,10085.0,0,85.0,0,5.0,0
2012-09-24,1516505,2012-09-24,9.620135634517766,17.1,0,104.0,0,132.0,0,11.0,0,0.0,0,80.0,0,69.0,0,9892.0,0,86.0,0,6.0,0
2012-09-25,1516278,2012-09-25,9.220817831813577,16.0,0,95.0,0,133.0,0,76.0,0,0.0,0,12.0,0,143.0,0,9886.0,0,75.0,0,3.0,0
2012-09-26,1549976,2012-09-26,9.34498083518257,17.5,0,97.0,0,129.0,0,23.0,0,0.0,0,22.0,0,85.0,0,9923.0,0,86.0,0,7.0,0
2012-09-27,1529821,2012-09-27,9.254598393574298,18.1,0,107.0,0,141.0,0,43.0,0,0.0,0,6.0,0,108.0,0,10072.0,0,79.0,0,6.0,0
2012-09-28,1479541,2012-09-28,9.254501698301699,16.7,0,85.0,0,133.0,0,16.0,0,0.0,0,2.0,0,73.0,0,10130.0,0,82.0,0,5.0,0
2012-09-29,1302530,2012-09-29,9.38299500599281,18.1,0,86.0,0,127.0,0,87.0,0,0.0,0,0.0,0,146.0,0,10183.0,0,70.0,0,1.0,0
2012-09-30,1283332,2012-09-30,10.149784415584415,17.3,0,61.0,0,121.0,0,16.0,0,0.0,0,42.0,0,71.0,0,10187.0,0,77.0,0,5.0,0
2012-10-01,1490045,2012-10-01,9.590295029821073,17.9,0,130.0,0,152.0,0,27.0,0,0.0,0,26.0,0,85.0,0,10119.0,0,86.0,0,6.0,0
2012-10-02,1507536,2012-10-02,9.403859597156398,15.1,0,109.0,0,144.0,0,28.0,0,0.0,0,12.0,0,85.0,0,10097.0,0,83.0,0,6.0,0
2012-10-03,1513206,2012-10-03,9.395128220255653,16.4,0,110.0,0,131.0,0,16.0,0,0.0,0,46.0,0,69.0,0,10056.0,0,79.0,0,7.0,0
2012-10-04,1530138,2012-10-04,9.34351764014112,15.8,0,64.0,0,114.0,0,75.0,0,0.0,0,62.0,0,128.0,0,10082.0,0,77.0,0,3.0,0
2012-10-05,1520393,2012-10-05,9.562599960914598,15.3,0,105.0,0,132.0,0,11.0,0,0.0,0,176.0,0,60.0,0,10070.0,0,86.0,0,8.0,0
2012-10-06,1352127,2012-10-06,9.5707580078125,13.8,0,75.0,0,114.0,0,79.0,0,0.0,0,2.0,0,128.0,0,10130.0,0,79.0,0,4.0,0
2012-10-07,1334723,2012-10-07,10.212828353837141,12.7,0,47.0,0,93.0,0,32.0,0,0.0,0,0.0,0,84.0,0,10179.0,0,87.0,0,3.0,0
2012-10-08,1562913,2012-10-08,10.12824612102405,14.3,0,70.0,0,99.0,0,0.0,0,0.0,0,28.0,0,34.0,0,10130.0,0,92.0,0,8.0,0
2012-10-09,1580602,2012-10-09,9.641868390582786,15.4,0,87.0,0,115.0,0,38.0,0,0.0,0,0.0,0,87.0,0,10161.0,0,79.0,0,6.0,0
2012-10-10,1584863,2012-10-10,9.636371582595302,15.7,0,81.0,0,118.0,0,28.0,0,0.0,0,0.0,0,76.0,0,10150.0,0,69.0,0,7.0,0
2012-10-11,1584384,2012-10-11,10.005707727620504,14.8,0,89.0,0,123.0,0,0.0,0,0.0,0,78.0,0,32.0,0,10037.0,0,89.0,0,8.0,0
2012-10-12,1516958,2012-10-12,9.61199562903839,13.5,0,97.0,0,123.0,0,64.0,0,0.0,0,0.0,0,106.0,0,10058.0,0,73.0,0,5.0,0
2012-10-13,1401815,2012-10-13,10.097390610150162,12.9,0,56.0,0,96.0,0,41.0,0,0.0,0,8.0,0,85.0,0,10048.0,0,83.0,0,4.0,0
2012-10-14,1360023,2012-10-14,10.745692643984034,14.2,0,19.0,0,74.0,0,77.0,0,0.0,0,0.0,0,113.0,0,10027.0,0,79.0,0,1.0,0
2012-10-15,1579296,2012-10-15,10.202081265391172,15.9,0,29.0,0,86.0,0,6.0,0,0.0,0,14.0,0,44.0,0,10024.0,0,82.0,0,6.0,0
2012-10-16,1558178,2012-10-16,9.875233717198414,17.5,0,83.0,0,121.0,0,73.0,0,0.0,0,120.0,0,107.0,0,10009.0,0,72.0,0,4.0,0
2012-10-17,1557781,2012-10-17,9.775404811125728,17.0,0,78.0,0,127.0,0,62.0,0,0.0,0,16.0,0,98.0,0,9977.0,0,79.0,0,5.0,0
2012-10-18,1563877,2012-10-18,9.611267576664174,13.6,1,121.0,0,146.0,1,29.0,0,0.0,0,2.0,0,69.0,0,10020.0,0,83.0,0,7.0,0
2012-10-19,1573880,2012-10-19,10.155024730383042,14.1,0,112.0,0,124.0,0,0.0,0,0.0,0,82.0,0,28.0,0,10078.0,0,94.0,0,8.0,0
2012-10-20,1402557,2012-10-20,10.286956327820109,13.6,0,84.0,0,113.0,0,3.0,0,0.0,0,52.0,0,36.0,0,10163.0,0,89.0,0,7.0,0
2012-10-21,1369146,2012-10-21,10.951931970260222,14.9,0,93.0,0,115.0,0,0.0,0,0.0,0,8.0,0,27.0,0,10181.0,0,92.0,0,8.0,0
2012-10-22,1594436,2012-10-22,10.223638781163435,13.8,0,107.0,0,128.0,0,0.0,0,0.0,0,2.0,0,27.0,0,10202.0,0,97.0,0,8.0,0
2012-10-23,1603162,2012-10-23,10.080434846535564,16.9,0,119.0,0,129.0,0,0.0,0,0.0,0,0.0,0,26.0,0,10238.0,0,96.0,0,8.0,0
2012-10-24,1582399,2012-10-24,9.784203703703703,13.3,1,119.0,0,144.0,1,16.0,0,0.0,0,0.0,0,50.0,0,10196.0,0,89.0,0,6.0,0
2012-10-25,1591219,2012-10-25,10.061685755973008,9.1,1,129.0,1,131.0,1,0.0,0,0.0,0,4.0,0,25.0,0,10165.0,0,89.0,0,8.0,0
2012-10-26,1589924,2012-10-26,10.663071014492754,9.1,0,80.0,0,86.0,0,0.0,0,0.0,0,2.0,0,25.0,0,10128.0,0,75.0,0,7.0,0
2012-10-27,1461146,2012-10-27,11.299429710144928,9.7,0,21.0,0,56.0,0,62.0,0,0.0,0,2.0,0,85.0,0,10167.0,0,74.0,0,3.0,0
2012-10-28,1460506,2012-10-28,12.064597826086956,13.3,0,2.0,0,50.0,0,1.0,0,0.0,0,30.0,0,27.0,0,10155.0,0,87.0,0,7.0,0
2012-10-29,1702744,2012-10-29,11.00561902173913,11.1,0,46.0,0,90.0,0,17.0,0,0.0,0,18.0,0,47.0,0,10087.0,0,87.0,0,7.0,0
2012-10-30,1658163,2012-10-30,10.808533792353687,13.2,0,45.0,0,78.0,0,56.0,0,0.0,0,2.0,0,77.0,0,10046.0,0,82.0,0,4.0,0
2012-10-31,1638956,2012-10-31,10.826462221416923,10.3,0,61.0,0,97.0,0,15.0,0,0.0,0,92.0,0,44.0,0,9897.0,0,80.0,0,6.0,0
2012-11-01,1664891,2012-11-01,10.781688586956522,11.3,0,68.0,0,86.0,0,39.0,0,0.0,0,4.0,0,63.0,0,9796.0,0,85.0,0,4.0,0
2012-11-02,1635514,2012-11-02,11.026956710740809,10.3,0,38.0,0,76.0,0,64.0,0,0.0,0,0.0,0,79.0,0,9912.0,0,77.0,0,2.0,0
2012-11-03,1511534,2012-11-03,11.392886071363884,8.9,0,22.0,0,63.0,0,51.0,0,0.0,0,116.0,0,69.0,0,9965.0,0,77.0,0,3.0,0
2012-11-04,1513079,2012-11-04,12.618036044194891,10.2,0,19.0,0,54.0,0,2.0,0,0.0,0,48.0,0,26.0,0,9942.0,0,91.0,0,6.0,0
2012-11-05,1699528,2012-11-05,11.390521557971013,10.1,0,3.0,0,53.0,0,67.0,0,0.0,0,0.0,0,77.0,0,10064.0,0,84.0,0,2.0,0
2012-11-06,1744852,2012-11-06,11.53245999275887,10.9,0,6.0,0,54.0,0,42.0,0,0.0,0,4.0,0,61.0,0,10205.0,0,86.0,0,4.0,0
2012-11-07,1700997,2012-11-07,11.246270094134685,13.1,0,38.0,0,74.0,0,42.0,0,0.0,0,0.0,0,60.0,0,10245.0,0,84.0,0,4.0,0
2012-11-08,1677314,2012-11-08,10.94595582910934,11.5,0,66.0,0,99.0,0,31.0,0,0.0,0,0.0,0,51.0,0,10193.0,0,78.0,0,6.0,0
2012-11-09,1645466,2012-11-09,10.93394662565587,10.2,0,78.0,0,97.0,0,4.0,0,0.0,0,42.0,0,27.0,0,10100.0,0,78.0,0,7.0,0
2012-11-10,1503957,2012-11-10,11.42178979739508,10.7,0,83.0,0,93.0,0,0.0,0,0.0,0,2.0,0,19.0,0,9978.0,0,89.0,0,6.0,0
2012-11-11,1486137,2012-11-11,12.0249497105644,12.7,0,13.0,0,60.0,0,80.0,0,0.0,0,2.0,0,77.0,0,10117.0,0,84.0,0,1.0,0
2012-11-12,1703502,2012-11-12,11.402977572797974,15.5,0,32.0,0,80.0,0,0.0,0,0.0,0,14.0,0,19.0,0,10209.0,0,92.0,0,8.0,0
2012-11-13,1667508,2012-11-13,10.704661240730692,14.2,0,73.0,0,114.0,0,10.0,0,0.0,0,2.0,0,32.0,0,10262.0,0,89.0,0,6.0,0
2012-11-14,1668565,2012-11-14,10.686837251356238,10.1,1,97.0,0,120.0,1,52.0,0,0.0,0,0.0,0,60.0,0,10264.0,0,83.0,0,3.0,0
2012-11-15,1701917,2012-11-15,10.939482097649186,12.6,0,40.0,0,71.0,0,13.0,0,0.0,0,0.0,0,33.0,0,10227.0,0,90.0,0,6.0,0
2012-11-16,1687314,2012-11-16,11.277534538878843,12.5,0,56.0,0,91.0,0,0.0,0,0.0,0,0.0,0,17.0,0,10147.0,0,93.0,0,8.0,0
2012-11-17,1503877,2012-11-17,11.489669679985536,9.9,0,60.0,0,93.0,0,1.0,0,0.0,0,0.0,0,20.0,0,10078.0,0,87.0,0,8.0,0
2012-11-18,1489525,2012-11-18,12.082729886096546,12.8,0,12.0,0,56.0,0,70.0,0,0.0,0,2.0,0,66.0,0,10147.0,0,80.0,0,2.0,0
2012-11-19,1689804,2012-11-19,11.406281272595807,13.4,0,12.0,0,70.0,0,17.0,0,0.0,0,10.0,0,35.0,0,10110.0,0,82.0,0,5.0,0
2012-11-20,1696091,2012-11-20,11.292340202458425,12.1,0,71.0,0,103.0,0,0.0,0,0.0,0,62.0,0,16.0,0,10084.0,0,91.0,0,8.0,0
2012-11-21,1742311,2012-11-21,11.323918474331164,13.3,0,95.0,0,108.0,0,0.0,0,0.0,0,44.0,0,16.0,0,10076.0,0,91.0,0,6.0,0
2012-11-22,1687866,2012-11-22,10.999051356238699,11.6,0,63.0,0,98.0,0,9.0,0,0.0,0,116.0,0,27.0,0,10110.0,0,81.0,0,6.0,0
2012-11-23,1684317,2012-11-23,11.014705371676614,12.6,0,61.0,0,89.0,0,26.0,0,0.0,0,2.0,0,39.0,0,10116.0,0,86.0,0,3.0,0
2012-11-24,1581723,2012-11-24,12.094914812805209,11.6,0,21.0,0,74.0,0,0.0,0,0.0,0,122.0,0,15.0,0,10100.0,0,97.0,0,6.0,0
2012-11-25,1486921,2012-11-25,12.185806183330321,9.3,0,54.0,0,85.0,0,35.0,0,0.0,0,46.0,0,43.0,0,10017.0,0,81.0,0,6.0,0
2012-11-26,1733170,2012-11-26,11.508233273056058,8.6,0,68.0,0,81.0,0,0.0,0,0.0,0,70.0,0,15.0,0,9983.0,0,90.0,0,8.0,0
2012-11-27,1750055,2012-11-27,11.681451898734176,7.2,1,68.0,0,77.0,1,0.0,0,0.0,0,10.0,0,15.0,0,10041.0,0,89.0,0,8.0,0
2012-11-28,1782424,2012-11-28,11.964667871994214,6.5,0,58.0,0,65.0,0,1.0,0,0.0,0,0.0,0,17.0,0,10134.0,0,81.0,0,6.0,0
2012-11-29,1828000,2012-11-29,12.060980835291991,4.9,0,15.0,0,40.0,0,53.0,0,0.0,0,0.0,0,50.0,0,10129.0,0,82.0,0,2.0,0
2012-11-30,1847605,2012-11-30,12.300572694394214,6.2,0,-16.0,0,17.0,0,45.0,0,0.0,0,0.0,0,46.0,0,10121.0,0,87.0,0,4.0,0
2012-12-01,1668858,2012-12-01,13.121752441229656,10.4,0,-13.0,0,25.0,0,11.0,0,0.0,0,2.0,0,24.0,0,10148.0,0,88.0,0,3.0,0
2012-12-02,1647465,2012-12-02,13.715528943560058,10.8,0,-21.0,0,42.0,0,55.0,0,0.0,0,46.0,0,47.0,0,10165.0,0,82.0,0,2.0,0
2012-12-03,1806003,2012-12-03,12.393292201917857,8.1,0,-4.0,0,52.0,0,2.0,0,0.0,0,4.0,0,16.0,0,10075.0,0,87.0,0,6.0,0
2012-12-04,1833905,2012-12-04,12.268467703998551,4.1,1,10.0,0,46.0,1,48.0,0,0.0,0,10.0,0,44.0,0,10037.0,0,82.0,0,2.0,0
2012-12-05,1877704,2012-12-05,12.736527134587554,5.8,0,-20.0,0,11.0,0,39.0,0,0.0,0,2.0,0,39.0,0,10084.0,0,84.0,0,3.0,0
2012-12-06,1921776,2012-12-06,13.00575,6.9,0,-41.0,0,9.0,0,0.0,0,0.0,0,24.0,0,13.0,0,10135.0,0,82.0,0,4.0,0
2012-12-07,1839680,2012-12-07,12.827951519536903,7.3,0,-17.0,0,26.0,0,43.0,0,0.0,0,8.0,0,40.0,0,10023.0,0,79.0,0,4.0,0
2012-12-08,1663679,2012-12-08,12.78698679688913,9.2,0,25.0,0,49.0,0,64.0,0,0.0,0,0.0,0,49.0,0,10235.0,0,81.0,0,4.0,0
2012-12-09,1577027,2012-12-09,13.418990775908846,5.9,1,29.0,0,61.0,1,7.0,0,0.0,0,0.0,0,20.0,0,10193.0,0,80.0,0,6.0,0
2012-12-10,1845779,2012-12-10,12.528336348833003,2.6,1,23.0,0,41.0,1,51.0,0,0.0,0,0.0,0,43.0,0,10226.0,0,79.0,0,1.0,0
2012-12-11,1943105,2012-12-11,11.774059153400868,0.4,1,-17.0,0,5.0,1,47.0,0,0.0,0,2.0,0,41.0,0,10296.0,0,90.0,0,4.0,0
2012-12-12,1973932,2012-12-12,13.263260720101322,6.7,0,-41.0,0,-19.0,0,9.0,0,0.0,0,0.0,0,21.0,0,10206.0,0,91.0,0,6.0,0
2012-12-13,1970579,2012-12-13,13.322344428364689,11.0,0,-38.0,0,15.0,0,4.0,0,0.0,0,4.0,0,17.0,0,10056.0,0,84.0,0,6.0,0
2012-12-14,1887337,2012-12-14,13.083142572824316,11.7,0,-14.0,0,48.0,0,0.0,0,0.0,0,74.0,0,12.0,0,9855.0,0,91.0,0,6.0,0
2012-12-15,1624252,2012-12-15,12.453758321273517,10.9,0,67.0,0,92.0,0,33.0,0,0.0,0,0.0,0,34.0,0,9913.0,0,84.0,0,4.0,0
2012-12-16,1589080,2012-12-16,12.760848227206946,9.3,0,35.0,0,72.0,0,45.0,0,0.0,0,8.0,0,40.0,0,9996.0,0,87.0,0,4.0,0
2012-12-17,1787591,2012-12-17,11.94202134973765,8.1,0,48.0,0,71.0,0,60.0,0,0.0,0,0.0,0,46.0,0,10017.0,0,86.0,0,3.0,0
2012-12-18,1822295,2012-12-18,11.92150424111171,8.7,0,36.0,0,59.0,0,3.0,0,0.0,0,0.0,0,16.0,0,10146.0,0,86.0,0,6.0,0
2012-12-19,1831800,2012-12-19,12.387810669077757,10.2,0,22.0,0,55.0,0,0.0,0,0.0,0,236.0,0,12.0,0,10165.0,0,92.0,0,8.0,0
2012-12-20,1792598,2012-12-20,12.243113504706734,10.0,0,50.0,0,76.0,0,0.0,0,0.0,0,36.0,0,12.0,0,10022.0,0,95.0,0,7.0,0
2012-12-21,1710228,2012-12-21,12.01869391083726,13.8,0,62.0,0,81.0,0,34.0,0,0.0,0,96.0,0,35.0,0,10096.0,0,90.0,0,4.0,0
2012-12-22,1556302,2012-12-22,12.358784121805328,12.4,0,62.0,0,100.0,0,0.0,0,0.0,0,84.0,0,12.0,0,10051.0,0,94.0,0,8.0,0
2012-12-23,1441438,2012-12-23,11.934522669568372,12.5,0,82.0,0,103.0,0,4.0,0,0.0,0,54.0,0,17.0,0,10036.0,0,85.0,0,7.0,0
2012-12-24,1528107,2012-12-24,12.053878650462542,9.4,1,75.0,0,100.0,1,0.0,0,0.0,0,88.0,0,12.0,0,9990.0,0,92.0,0,7.0,0
2012-12-25,1354983,2012-12-25,12.509312420670897,10.6,0,70.0,0,82.0,0,3.0,0,0.0,0,32.0,0,16.0,0,9956.0,0,87.0,0,7.0,0
2012-12-26,1333679,2012-12-26,11.672571195356431,8.5,0,32.0,0,69.0,0,2.0,0,0.0,0,24.0,0,15.0,0,10041.0,0,87.0,0,4.0,0
2012-12-27,1516471,2012-12-27,11.842862119013063,12.6,0,59.0,0,72.0,0,5.0,0,0.0,0,48.0,0,18.0,0,10056.0,0,84.0,0,6.0,0
2012-12-28,1516679,2012-12-28,11.768871213495373,11.7,0,53.0,0,90.0,0,0.0,0,0.0,0,8.0,0,12.0,0,10166.0,0,89.0,0,8.0,0
2012-12-29,1439310,2012-12-29,11.674168117519041,11.4,0,85.0,0,101.0,0,0.0,0,0.0,0,16.0,0,12.0,0,10039.0,0,83.0,0,7.0,0
2012-12-30,1406247,2012-12-30,11.900980409940141,11.2,0,49.0,0,82.0,0,11.0,0,0.0,0,2.0,0,23.0,0,10099.0,0,77.0,0,4.0,0
2012-12-31,1464156,2012-12-31,11.9012354862119,8.0,1,60.0,0,86.0,1,0.0,0,0.0,0,50.0,0,13.0,0,10031.0,0,87.0,0,8.0,0
2013-01-01,1376155,2013-01-01,11.839174315254853,11.0,0,33.0,0,57.0,0,56.0,0,0.0,0,0.0,0,46.0,0,10079.0,0,81.0,0,3.0,0
2013-01-02,1675708,2013-01-02,12.016655478955006,11.4,0,20.0,0,65.0,0,0.0,0,0.0,0,2.0,0,13.0,0,10232.0,0,90.0,0,7.0,0
2013-01-03,1679003,2013-01-03,11.399221153846154,10.3,0,57.0,0,86.0,0,0.0,0,0.0,0,0.0,0,13.0,0,10328.0,0,91.0,0,8.0,0
2013-01-04,1660451,2013-01-04,11.414949220166848,10.9,0,91.0,0,97.0,0,0.0,0,0.0,0,0.0,0,13.0,0,10374.0,0,85.0,0,8.0,0
2013-01-05,1503036,2013-01-05,11.709835509611898,9.0,1,79.0,0,94.0,1,0.0,0,0.0,0,2.0,0,13.0,0,10353.0,0,90.0,0,7.0,0
2013-01-06,1487236,2013-01-06,12.42226329159862,10.0,0,55.0,0,73.0,0,0.0,0,0.0,0,0.0,0,13.0,0,10323.0,0,96.0,0,7.0,0
2013-01-07,1714079,2013-01-07,11.657582985670233,11.5,0,71.0,0,86.0,0,0.0,0,0.0,0,0.0,0,13.0,0,10268.0,0,91.0,0,8.0,0
2013-01-08,1735284,2013-01-08,11.239405150525934,9.2,1,74.0,0,95.0,1,7.0,0,0.0,0,34.0,0,21.0,0,10242.0,0,86.0,0,7.0,0
2013-01-09,1755678,2013-01-09,11.334816500453309,3.5,1,80.0,1,86.0,1,33.0,0,0.0,0,0.0,0,38.0,0,10213.0,0,89.0,0,4.0,0
2013-01-10,1831762,2013-01-10,12.066789225467078,7.4,0,-7.0,0,14.0,0,0.0,0,0.0,0,2.0,0,14.0,0,10160.0,0,93.0,0,7.0,0
2013-01-11,1806954,2013-01-11,12.109949355599927,4.8,0,7.0,0,41.0,0,23.0,0,0.0,0,32.0,0,33.0,0,10177.0,0,90.0,0,6.0,0
2013-01-12,1641861,2013-01-12,13.06045360450336,3.6,0,4.0,0,26.0,0,0.0,0,0.0,0,2.0,0,14.0,0,10129.0,0,82.0,0,7.0,0
2013-01-13,1648220,2013-01-13,13.662229805772373,3.4,0,-3.0,0,17.0,0,11.0,0,0.0,0,0.0,0,26.0,0,10191.0,0,75.0,0,6.0,0
2013-01-14,1892203,2013-01-14,13.182834059549746,2.7,0,-3.0,0,16.0,0,0.0,0,0.0,0,48.0,0,14.0,0,10116.0,0,89.0,0,7.0,0
2013-01-15,1911115,2013-01-15,12.943720355910658,0.3,1,-1.0,0,13.0,1,7.0,0,0.0,0,0.0,0,23.0,0,10094.0,0,85.0,0,5.0,0
2013-01-16,1971724,2013-01-16,13.147535513169846,2.6,0,-26.0,0,-12.0,0,13.0,0,0.0,0,0.0,0,28.0,0,10134.0,0,90.0,0,6.0,0
2013-01-17,1966986,2013-01-17,13.278687022900762,0.6,0,-49.0,0,-12.0,0,5.0,0,0.0,0,2.0,0,22.0,0,10174.0,0,83.0,0,7.0,0
2013-01-18,1918394,2013-01-18,14.0458393603489,1.0,0,-18.0,0,-6.0,0,0.0,0,0.0,0,15.0,0,15.0,0,10039.0,0,83.0,0,8.0,0
2013-01-19,1753422,2013-01-19,14.703919120319885,-0.2,0,-21.0,0,-6.0,0,0.0,0,3.0,0,8.0,0,16.0,0,9975.0,0,84.0,0,8.0,0
2013-01-20,1715687,2013-01-20,15.021899672846237,2.0,0,-14.0,0,-8.0,0,0.0,0,2.0,0,30.0,0,16.0,0,9952.0,0,88.0,0,7.0,0
2013-01-21,1934860,2013-01-21,13.903375749863661,3.1,0,-15.0,0,3.0,0,4.0,0,5.0,0,4.0,0,22.0,0,9946.0,0,86.0,0,7.0,0
2013-01-22,1956606,2013-01-22,13.526971272727273,2.5,0,-47.0,0,-8.0,0,0.0,0,3.0,0,12.0,0,16.0,0,10015.0,0,86.0,0,5.0,0
2013-01-23,1961475,2013-01-23,13.344442646791492,2.3,0,-6.0,0,10.0,0,0.0,0,0.0,0,6.0,0,17.0,0,10077.0,0,83.0,0,8.0,0
2013-01-24,1946216,2013-01-24,13.367203565581226,3.6,0,11.0,0,17.0,0,0.0,0,0.0,0,0.0,0,17.0,0,10166.0,0,76.0,0,8.0,0
2013-01-25,1928376,2013-01-25,13.42070227479527,10.7,0,-5.0,0,16.0,0,0.0,0,0.0,0,48.0,0,17.0,0,10144.0,0,79.0,0,8.0,0
2013-01-26,1661916,2013-01-26,12.848888262056416,10.0,0,10.0,0,59.0,0,41.0,0,0.0,0,92.0,0,52.0,0,10064.0,0,86.0,0,5.0,0
2013-01-27,1542992,2013-01-27,12.928393266606005,11.9,0,36.0,0,68.0,0,48.0,0,0.0,0,2.0,0,56.0,0,9978.0,0,78.0,0,4.0,0
2013-01-28,1808304,2013-01-28,12.347051319381256,13.8,0,24.0,0,72.0,0,8.0,0,0.0,0,28.0,0,29.0,0,10054.0,0,84.0,0,4.0,0
2013-01-29,1761478,2013-01-29,11.618708902239213,11.7,0,36.0,0,87.0,0,0.0,0,0.0,0,62.0,0,18.0,0,10032.0,0,89.0,0,8.0,0
2013-01-30,1715976,2013-01-30,11.080083378845805,10.2,0,86.0,0,102.0,0,52.0,0,0.0,0,12.0,0,61.0,0,10070.0,0,77.0,0,4.0,0
2013-01-31,1721311,2013-01-31,11.281532252186588,7.6,1,66.0,0,84.0,1,37.0,0,0.0,0,58.0,0,53.0,0,10125.0,0,75.0,0,4.0,0
2013-02-01,1734705,2013-02-01,11.580635551504102,5.7,1,47.0,0,62.0,1,14.0,0,0.0,0,6.0,0,36.0,0,10025.0,0,85.0,0,6.0,0
2013-02-02,1591517,2013-02-02,12.359468647466278,10.4,0,24.0,0,41.0,0,58.0,0,0.0,0,0.0,0,68.0,0,10160.0,0,71.0,0,3.0,0
2013-02-03,1579520,2013-02-03,13.305082923273192,11.0,0,-13.0,0,46.0,0,0.0,0,0.0,0,0.0,0,20.0,0,10189.0,0,82.0,0,7.0,0
2013-02-04,1710858,2013-02-04,11.623015314494076,6.3,1,40.0,0,75.0,1,43.0,0,0.0,0,30.0,0,60.0,0,10124.0,0,71.0,0,5.0,0
2013-02-05,1790705,2013-02-05,12.01027164995442,6.0,0,17.0,0,40.0,0,49.0,0,0.0,0,10.0,0,65.0,0,10002.0,0,73.0,0,5.0,0
2013-02-06,1803365,2013-02-06,12.251406927985416,5.7,0,28.0,0,44.0,0,11.0,0,0.0,0,0.0,0,37.0,0,10072.0,0,74.0,0,6.0,0
2013-02-07,1848298,2013-02-07,12.238016411378556,6.1,0,-3.0,0,27.0,0,44.0,0,0.0,0,2.0,0,64.0,0,10182.0,0,73.0,0,3.0,0
2013-02-08,1808590,2013-02-08,12.112737734816706,4.9,0,-1.0,0,30.0,0,46.0,0,0.0,0,2.0,0,66.0,0,10196.0,0,81.0,0,5.0,0
2013-02-09,1655019,2013-02-09,12.85837260623746,5.3,0,10.0,0,30.0,0,0.0,0,0.0,0,24.0,0,22.0,0,10189.0,0,89.0,0,8.0,0
2013-02-10,1607244,2013-02-10,13.598128214481124,2.0,1,27.0,1,40.0,1,0.0,0,0.0,0,176.0,0,23.0,0,9993.0,0,96.0,0,8.0,0
2013-02-11,1857200,2013-02-11,13.058674872355946,2.3,0,4.0,0,12.0,0,0.0,0,0.0,0,42.0,0,23.0,0,9993.0,0,95.0,0,8.0,0
2013-02-12,1899921,2013-02-12,12.940775164113784,8.9,0,9.0,0,16.0,0,0.0,0,0.0,0,2.0,0,24.0,0,10153.0,0,78.0,0,8.0,0
2013-02-13,1901875,2013-02-13,12.714830109489052,12.1,0,5.0,0,47.0,0,0.0,0,0.0,0,18.0,0,24.0,0,10211.0,0,77.0,0,8.0,0
2013-02-14,1817622,2013-02-14,11.980775506479283,10.7,0,6.0,0,64.0,0,42.0,0,0.0,0,0.0,0,69.0,0,10114.0,0,81.0,0,6.0,0
2013-02-15,1764850,2013-02-15,11.552171167883213,10.2,0,17.0,0,62.0,0,41.0,0,0.0,0,0.0,0,69.0,0,10199.0,0,77.0,0,4.0,0
2013-02-16,1584556,2013-02-16,11.562667457565249,10.4,0,35.0,0,69.0,0,5.0,0,0.0,0,2.0,0,35.0,0,10235.0,0,73.0,0,8.0,0
2013-02-17,1515031,2013-02-17,12.029635317750182,9.1,0,9.0,0,57.0,0,43.0,0,0.0,0,0.0,0,73.0,0,10216.0,0,83.0,0,2.0,0
2013-02-18,1741840,2013-02-18,11.510227820372398,11.1,0,12.0,0,52.0,0,76.0,0,0.0,0,2.0,0,98.0,0,10204.0,0,83.0,0,0.0,0
2013-02-19,1776260,2013-02-19,11.38500731261426,5.4,0,-15.0,0,48.0,0,91.0,0,0.0,0,2.0,0,110.0,0,10196.0,0,78.0,0,0.0,0
2013-02-20,1812954,2013-02-20,11.72789590193926,2.3,1,7.0,0,31.0,1,51.0,0,0.0,0,2.0,0,83.0,0,10231.0,0,79.0,0,5.0,0
2013-02-21,1858194,2013-02-21,12.791991038771032,2.5,0,5.0,0,14.0,0,0.0,0,0.0,0,0.0,0,28.0,0,10240.0,0,57.0,0,8.0,0
2013-02-22,1868849,2013-02-22,12.856231825672953,2.5,0,2.0,0,14.0,0,1.0,0,0.0,0,0.0,0,32.0,0,10207.0,0,57.0,0,8.0,0
2013-02-23,1702225,2013-02-23,13.245570067777981,2.9,0,1.0,0,13.0,0,1.0,0,0.0,0,0.0,0,32.0,0,10211.0,0,67.0,0,8.0,0
2013-02-24,1653951,2013-02-24,14.014281604983509,4.3,0,1.0,0,15.0,0,0.0,0,0.0,0,0.0,0,29.0,0,10243.0,0,72.0,0,8.0,0
2013-02-25,1865495,2013-02-25,13.059055494505495,5.0,0,9.0,0,26.0,0,0.0,0,0.0,0,4.0,0,30.0,0,10274.0,0,82.0,0,8.0,0
2013-02-26,1888854,2013-02-26,12.573332295292177,6.6,0,24.0,0,37.0,0,0.0,0,0.0,0,2.0,0,30.0,0,10324.0,0,91.0,0,8.0,0
2013-02-27,1845699,2013-02-27,12.058759479758196,9.1,0,20.0,0,43.0,0,33.0,0,0.0,0,0.0,0,75.0,0,10344.0,0,82.0,0,6.0,0
2013-02-28,1820058,2013-02-28,11.990561006982727,7.1,0,13.0,0,52.0,0,0.0,0,0.0,0,2.0,0,31.0,0,10299.0,0,78.0,0,5.0,0
2013-03-01,1784546,2013-03-01,12.048498897058824,5.7,0,24.0,0,48.0,0,0.0,0,0.0,0,2.0,0,35.0,0,10294.0,0,78.0,0,8.0,0
2013-03-02,1612743,2013-03-02,12.308850891708033,8.8,0,26.0,0,42.0,0,12.0,0,0.0,0,0.0,0,60.0,0,10279.0,0,72.0,0,6.0,0
2013-03-03,1575721,2013-03-03,12.735906985294118,9.7,0,-28.0,0,30.0,0,24.0,0,0.0,0,0.0,0,76.0,0,10236.0,0,81.0,0,4.0,0
2013-03-04,1751955,2013-03-04,11.481859087564386,16.1,0,8.0,0,53.0,0,93.0,0,0.0,0,0.0,0,145.0,0,10137.0,0,77.0,0,1.0,0
2013-03-05,1746889,2013-03-05,10.860480588776449,13.8,0,1.0,0,81.0,0,97.0,0,0.0,0,0.0,0,150.0,0,10046.0,0,76.0,0,0.0,0
2013-03-06,1747150,2013-03-06,10.67524834437086,10.3,0,48.0,0,93.0,0,1.0,0,0.0,0,48.0,0,42.0,0,10006.0,0,72.0,0,6.0,0
2013-03-07,1742458,2013-03-07,10.88946926757453,10.4,0,73.0,0,88.0,0,0.0,0,0.0,0,18.0,0,38.0,0,9970.0,0,95.0,0,7.0,0
2013-03-08,1721639,2013-03-08,10.928156934978817,7.2,1,84.0,1,94.0,1,0.0,0,0.0,0,68.0,0,39.0,0,9976.0,0,96.0,0,8.0,0
2013-03-09,1569352,2013-03-09,11.559878062258242,4.2,1,57.0,1,65.0,1,0.0,0,0.0,0,2.0,0,39.0,0,10027.0,0,90.0,0,8.0,0
2013-03-10,1533490,2013-03-10,12.823072730620511,0.9,1,25.0,1,34.0,1,0.0,0,0.0,0,0.0,0,40.0,0,10062.0,0,79.0,0,8.0,0
2013-03-11,1837384,2013-03-11,13.106772969987112,5.0,0,-5.0,0,2.0,0,0.0,0,0.0,0,0.0,0,41.0,0,10076.0,0,63.0,0,7.0,0
2013-03-12,1883182,2013-03-12,12.852295266163198,7.6,0,-23.0,0,14.0,0,64.0,0,0.0,0,0.0,0,132.0,0,10092.0,0,58.0,0,6.0,0
2013-03-13,1844544,2013-03-13,12.119938075930705,7.8,0,-1.0,0,38.0,0,60.0,0,0.0,0,0.0,0,129.0,0,10109.0,0,69.0,0,4.0,0
2013-03-14,1828317,2013-03-14,11.786081674041299,9.4,0,-34.0,0,22.0,0,60.0,0,0.0,0,12.0,0,131.0,0,10157.0,0,66.0,0,3.0,0
2013-03-15,1762048,2013-03-15,11.590859170506912,9.4,0,18.0,0,56.0,0,3.0,0,0.0,0,66.0,0,54.0,0,10074.0,0,82.0,0,8.0,0
2013-03-16,1587351,2013-03-16,12.1864869100295,7.5,1,63.0,0,79.0,1,12.0,0,0.0,0,76.0,0,72.0,0,9957.0,0,86.0,0,7.0,0
2013-03-17,1553850,2013-03-17,12.577782552563628,8.1,0,31.0,0,53.0,0,1.0,0,0.0,0,66.0,0,49.0,0,9903.0,0,91.0,0,7.0,0
2013-03-18,1780049,2013-03-18,11.81657258808338,8.6,0,-13.0,0,34.0,0,0.0,0,0.0,0,18.0,0,45.0,0,9911.0,0,93.0,0,6.0,0
2013-03-19,1792211,2013-03-19,11.387626706012542,7.0,0,28.0,0,57.0,0,15.0,0,0.0,0,2.0,0,80.0,0,9976.0,0,84.0,0,6.0,0
2013-03-20,1815109,2013-03-20,11.663214022140222,7.1,0,16.0,0,43.0,0,3.0,0,0.0,0,0.0,0,57.0,0,10069.0,0,85.0,0,7.0,0
2013-03-21,1807386,2013-03-21,11.504756133554695,5.6,0,0.0,0,36.0,0,13.0,0,0.0,0,60.0,0,78.0,0,10158.0,0,77.0,0,7.0,0
2013-03-22,1806284,2013-03-22,12.071172693726938,1.8,1,24.0,1,40.0,1,1.0,0,0.0,0,74.0,0,53.0,0,10096.0,0,83.0,0,8.0,0
2013-03-23,1678560,2013-03-23,13.429270814103747,1.4,0,8.0,0,13.0,0,0.0,0,0.0,0,16.0,0,48.0,0,10099.0,0,92.0,0,8.0,0
2013-03-24,1639947,2013-03-24,14.459823116691286,1.5,0,0.0,0,7.0,0,0.0,0,0.0,0,0.0,0,49.0,0,10130.0,0,77.0,0,8.0,0
2013-03-25,1852282,2013-03-25,13.118294812626916,2.4,0,-4.0,0,6.0,0,0.0,0,0.0,0,0.0,0,49.0,0,10146.0,0,62.0,0,8.0,0
2013-03-26,1884553,2013-03-26,12.916559453471196,4.8,0,5.0,0,15.0,0,0.0,0,0.0,0,0.0,0,50.0,0,10136.0,0,61.0,0,8.0,0
2013-03-27,1867607,2013-03-27,12.496044152965084,5.2,0,-7.0,0,21.0,0,33.0,0,0.0,0,0.0,0,116.0,0,10118.0,0,62.0,0,8.0,0
2013-03-28,1815590,2013-03-28,12.05095431847605,7.4,0,-15.0,0,19.0,0,35.0,0,0.0,0,0.0,0,120.0,0,10125.0,0,64.0,0,6.0,0
2013-03-29,1614236,2013-03-29,12.23157573515813,5.8,0,-20.0,0,27.0,0,40.0,0,0.0,0,0.0,0,128.0,0,10110.0,0,60.0,0,6.0,0
2013-03-30,1556858,2013-03-30,11.791903696857672,5.9,0,11.0,0,35.0,0,15.0,0,0.0,0,0.0,0,90.0,0,10116.0,0,66.0,0,8.0,0
2013-03-31,1420854,2013-03-31,11.932720887245841,6.9,0,-23.0,0,18.0,0,41.0,0,0.0,0,0.0,0,132.0,0,10146.0,0,65.0,0,4.0,0
2013-04-01,1513781,2013-04-01,11.982422941720628,8.6,0,7.0,0,38.0,0,38.0,0,0.0,0,0.0,0,129.0,0,10116.0,0,63.0,0,5.0,0
2013-04-02,1681153,2013-04-02,11.26625171074533,6.0,0,-4.0,0,41.0,0,122.0,0,0.0,0,0.0,0,229.0,0,10151.0,0,54.0,0,0.0,0
2013-04-03,1725766,2013-04-03,11.923225860155384,3.7,0,-4.0,0,28.0,0,24.0,0,0.0,0,0.0,0,110.0,0,10176.0,0,62.0,0,5.0,0
2013-04-04,1758914,2013-04-04,12.201972247918594,8.5,0,6.0,0,22.0,0,0.0,0,0.0,0,4.0,0,56.0,0,10145.0,0,71.0,0,7.0,0
2013-04-05,1704809,2013-04-05,11.731479266938171,10.7,0,15.0,0,50.0,0,12.0,0,0.0,0,0.0,0,90.0,0,10158.0,0,60.0,0,7.0,0
2013-04-06,1520143,2013-04-06,11.097177004258471,10.4,0,1.0,0,54.0,0,99.0,0,0.0,0,0.0,0,212.0,0,10237.0,0,60.0,0,1.0,0
2013-04-07,1462334,2013-04-07,11.158295185185185,11.2,0,-12.0,0,46.0,0,76.0,0,0.0,0,0.0,0,187.0,0,10197.0,0,60.0,0,1.0,0
2013-04-08,1661368,2013-04-08,10.593420448231154,9.7,0,41.0,0,77.0,0,42.0,0,0.0,0,24.0,0,143.0,0,10053.0,0,60.0,0,5.0,0
2013-04-09,1704908,2013-04-09,10.90038792145239,11.1,0,36.0,0,67.0,0,0.0,0,0.0,0,2.0,0,59.0,0,9975.0,0,83.0,0,7.0,0
2013-04-10,1687341,2013-04-10,10.391371942179392,13.4,0,28.0,0,70.0,0,31.0,0,0.0,0,104.0,0,128.0,0,10034.0,0,81.0,0,5.0,0
2013-04-11,1695252,2013-04-11,10.559750695088045,13.2,0,49.0,0,92.0,0,14.0,0,0.0,0,56.0,0,99.0,0,9971.0,0,87.0,0,7.0,0
2013-04-12,1639725,2013-04-12,10.372293049119556,15.1,0,61.0,0,97.0,0,13.0,0,0.0,0,34.0,0,98.0,0,9979.0,0,88.0,0,6.0,0
2013-04-13,1461873,2013-04-13,10.531617352614015,19.9,0,42.0,0,97.0,0,13.0,0,0.0,0,44.0,0,99.0,0,10112.0,0,88.0,0,7.0,0
2013-04-14,1332149,2013-04-14,10.04425644353792,15.7,0,97.0,0,148.0,0,73.0,0,0.0,0,0.0,0,193.0,0,10132.0,0,73.0,0,5.0,0
2013-04-15,1514062,2013-04-15,9.319674392731319,17.1,0,106.0,0,132.0,0,32.0,0,0.0,0,0.0,0,135.0,0,10169.0,0,74.0,0,5.0,0
2013-04-16,1510264,2013-04-16,9.22816487388724,18.8,0,93.0,0,132.0,0,49.0,0,0.0,0,0.0,0,163.0,0,10155.0,0,70.0,0,5.0,0
2013-04-17,1543985,2013-04-17,9.17927174921165,15.4,0,87.0,0,138.0,0,28.0,0,0.0,0,0.0,0,131.0,0,10140.0,0,77.0,0,5.0,0
2013-04-18,1514784,2013-04-18,9.250268509927631,13.6,0,89.0,0,122.0,0,63.0,0,0.0,0,16.0,0,185.0,0,10136.0,0,63.0,0,3.0,0
2013-04-19,1543767,2013-04-19,9.449012260821105,14.0,0,66.0,0,101.0,0,29.0,0,0.0,0,0.0,0,134.0,0,10263.0,0,67.0,0,5.0,0
2013-04-20,1366853,2013-04-20,9.48570009285051,14.8,0,28.0,0,84.0,0,131.0,0,0.0,0,0.0,0,272.0,0,10325.0,0,64.0,0,0.0,0
2013-04-21,1341051,2013-04-21,9.996676317743132,15.5,0,14.0,0,81.0,0,79.0,0,0.0,0,0.0,0,210.0,0,10215.0,0,65.0,0,2.0,0
2013-04-22,1534722,2013-04-22,9.41152330547818,20.7,0,65.0,0,110.0,0,36.0,0,0.0,0,0.0,0,149.0,0,10161.0,0,76.0,0,6.0,0
2013-04-23,1507954,2013-04-23,8.66526337295691,20.3,0,92.0,0,150.0,0,128.0,0,0.0,0,0.0,0,273.0,0,10198.0,0,69.0,0,2.0,0
2013-04-24,1512817,2013-04-24,8.64782528778314,22.8,0,85.0,0,144.0,0,64.0,0,0.0,0,2.0,0,193.0,0,10238.0,0,75.0,0,4.0,0
2013-04-25,1522321,2013-04-25,8.282066815144766,13.4,1,99.0,0,164.0,1,105.0,0,0.0,0,28.0,0,248.0,0,10207.0,0,73.0,0,4.0,0
2013-04-26,1481159,2013-04-26,8.77842514858841,11.4,0,66.0,0,100.0,0,43.0,0,0.0,0,0.0,0,164.0,0,10154.0,0,65.0,0,5.0,0
2013-04-27,1349286,2013-04-27,9.52584724028991,12.1,0,29.0,0,72.0,0,58.0,0,0.0,0,26.0,0,188.0,0,10156.0,0,72.0,0,4.0,0
2013-04-28,1318748,2013-04-28,10.00982419624605,14.8,0,5.0,0,63.0,0,49.0,0,0.0,0,0.0,0,175.0,0,10168.0,0,66.0,0,4.0,0
2013-04-29,1488543,2013-04-29,9.063038840364245,14.7,0,75.0,0,112.0,0,76.0,0,0.0,0,0.0,0,216.0,0,10170.0,0,58.0,0,4.0,0
2013-04-30,1517379,2013-04-30,8.844342007434944,16.5,0,42.0,0,95.0,0,101.0,0,0.0,0,0.0,0,250.0,0,10248.0,0,61.0,0,2.0,0
2013-05-01,1507901,2013-05-01,8.793502973977695,17.6,0,38.0,0,102.0,0,102.0,0,0.0,0,0.0,0,253.0,0,10243.0,0,60.0,0,2.0,0
2013-05-02,1483965,2013-05-02,8.557386460851777,19.4,0,50.0,0,113.0,0,135.0,0,0.0,0,0.0,0,294.0,0,10228.0,0,40.0,0,0.0,0
2013-05-03,1430139,2013-05-03,8.392220837209303,17.2,0,47.0,0,121.0,0,130.0,0,0.0,0,0.0,0,290.0,0,10198.0,0,57.0,0,0.0,0
2013-05-04,1246909,2013-05-04,8.868705564861344,18.7,0,77.0,0,125.0,0,59.0,0,0.0,0,10.0,0,197.0,0,10175.0,0,65.0,0,4.0,0
2013-05-05,1201796,2013-05-05,8.80253695773599,22.0,0,67.0,0,127.0,0,24.0,0,0.0,0,0.0,0,139.0,0,10219.0,0,69.0,0,6.0,0
2013-05-06,1224726,2013-05-06,8.645489666728729,22.6,0,108.0,0,164.0,0,122.0,0,0.0,0,0.0,0,284.0,0,10200.0,0,60.0,0,3.0,0
2013-05-07,1411130,2013-05-07,8.306996091568955,17.9,0,91.0,0,159.0,0,126.0,0,0.0,0,6.0,0,290.0,0,10161.0,0,55.0,0,0.0,0
2013-05-08,1441484,2013-05-08,8.503730962576801,14.9,1,120.0,0,150.0,1,11.0,0,0.0,0,2.0,0,112.0,0,10072.0,0,75.0,0,6.0,0
2013-05-09,1427968,2013-05-09,8.7022052141527,18.3,0,69.0,0,109.0,0,69.0,0,0.0,0,8.0,0,216.0,0,10083.0,0,72.0,0,4.0,0
2013-05-10,1413728,2013-05-10,8.600230353817505,14.1,0,96.0,0,140.0,0,0.0,0,0.0,0,18.0,0,75.0,0,10105.0,0,73.0,0,7.0,0
2013-05-11,1279733,2013-05-11,9.27623966480447,15.4,0,68.0,0,105.0,0,24.0,0,0.0,0,24.0,0,142.0,0,10109.0,0,76.0,0,6.0,0
2013-05-12,1264484,2013-05-12,9.808348295772024,15.8,0,50.0,0,102.0,0,69.0,0,0.0,0,4.0,0,219.0,0,10147.0,0,78.0,0,5.0,0
2013-05-13,1413069,2013-05-13,8.813590646543693,12.3,1,105.0,0,132.0,1,63.0,0,0.0,0,0.0,0,210.0,0,10117.0,0,66.0,0,5.0,0
2013-05-14,1508258,2013-05-14,9.290409387222946,14.4,0,73.0,0,98.0,0,15.0,0,0.0,0,76.0,0,125.0,0,10026.0,0,80.0,0,8.0,0
2013-05-15,1514235,2013-05-15,9.256266530080088,16.9,0,61.0,0,103.0,0,13.0,0,0.0,0,6.0,0,121.0,0,9945.0,0,72.0,0,6.0,0
2013-05-16,1497753,2013-05-16,8.838438956197576,12.6,0,34.0,0,102.0,0,86.0,0,0.0,0,2.0,0,246.0,0,9998.0,0,70.0,0,2.0,0
2013-05-17,1477231,2013-05-17,9.226213353226408,16.0,0,67.0,0,97.0,0,7.0,0,0.0,0,0.0,0,106.0,0,10064.0,0,76.0,0,6.0,0
2013-05-18,1319155,2013-05-18,9.15104978556778,18.8,0,88.0,0,124.0,0,17.0,0,0.0,0,0.0,0,131.0,0,10082.0,0,67.0,0,6.0,0
2013-05-19,1244784,2013-05-19,9.233726035061544,17.3,0,86.0,0,137.0,0,32.0,0,0.0,0,2.0,0,162.0,0,10114.0,0,67.0,0,3.0,0
2013-05-20,1458512,2013-05-20,9.019062861406455,15.3,0,109.0,0,141.0,0,0.0,0,0.0,0,0.0,0,79.0,0,10117.0,0,83.0,0,7.0,0
2013-05-21,1480926,2013-05-21,8.764399104811638,15.0,0,124.0,0,139.0,0,11.0,0,0.0,0,4.0,0,118.0,0,10161.0,0,76.0,0,7.0,0
2013-05-22,1467044,2013-05-22,8.824531156716418,11.7,1,97.0,0,124.0,1,18.0,0,0.0,0,0.0,0,135.0,0,10187.0,0,68.0,0,6.0,0
2013-05-23,1472101,2013-05-23,8.90278416728902,9.9,0,57.0,0,87.0,0,59.0,0,0.0,0,6.0,0,211.0,0,10137.0,0,63.0,0,5.0,0
2013-05-24,1470842,2013-05-24,9.557573987684268,16.2,0,55.0,0,77.0,0,2.0,0,0.0,0,48.0,0,92.0,0,10097.0,0,81.0,0,7.0,0
2013-05-25,1266201,2013-05-25,9.081062698264601,19.8,0,53.0,0,108.0,0,103.0,0,0.0,0,0.0,0,276.0,0,10207.0,0,63.0,0,3.0,0
2013-05-26,1169675,2013-05-26,8.584916573348265,18.2,0,60.0,0,129.0,0,143.0,0,0.0,0,0.0,0,328.0,0,10184.0,0,52.0,0,1.0,0
2013-05-27,1195082,2013-05-27,8.556658454647257,12.0,1,60.0,0,121.0,1,128.0,0,0.0,0,40.0,0,310.0,0,10086.0,0,55.0,0,2.0,0
2013-05-28,1437322,2013-05-28,8.99547507933545,13.2,0,96.0,0,108.0,0,0.0,0,0.0,0,122.0,0,81.0,0,10005.0,0,84.0,0,8.0,0
2013-05-29,1462175,2013-05-29,9.112343038447182,15.2,0,75.0,0,104.0,0,11.0,0,0.0,0,40.0,0,121.0,0,10048.0,0,86.0,0,7.0,0
2013-05-30,1446447,2013-05-30,9.05063902894491,21.9,0,104.0,0,128.0,0,1.0,0,0.0,0,0.0,0,89.0,0,10110.0,0,84.0,0,8.0,0
2013-05-31,1374367,2013-05-31,8.432458652230725,18.8,0,114.0,0,167.0,0,53.0,0,0.0,0,0.0,0,205.0,0,10183.0,0,68.0,0,6.0,0
2013-06-01,1209191,2013-06-01,8.475920649738612,18.7,0,100.0,0,144.0,0,79.0,0,0.0,0,0.0,0,246.0,0,10234.0,0,59.0,0,4.0,0
2013-06-02,1171091,2013-06-02,8.737453203810947,19.3,0,82.0,0,135.0,0,116.0,0,0.0,0,0.0,0,297.0,0,10289.0,0,57.0,0,2.0,0
2013-06-03,1375029,2013-06-03,8.113019421101773,21.2,0,87.0,0,140.0,0,132.0,0,0.0,0,0.0,0,318.0,0,10314.0,0,59.0,0,1.0,0
2013-06-04,1376498,2013-06-04,8.018978894284647,21.5,0,74.0,0,143.0,0,141.0,0,0.0,0,0.0,0,329.0,0,10268.0,0,56.0,0,0.0,0
2013-06-05,1403568,2013-06-05,8.012264711376798,22.9,0,85.0,0,150.0,0,91.0,0,0.0,0,0.0,0,265.0,0,10215.0,0,66.0,0,3.0,0
2013-06-06,1392834,2013-06-06,7.966878923766815,20.6,0,85.0,0,157.0,0,133.0,0,0.0,0,4.0,0,320.0,0,10216.0,0,62.0,0,2.0,0
2013-06-07,1355063,2013-06-07,8.059550944101701,18.6,0,96.0,0,151.0,0,46.0,0,0.0,0,6.0,0,196.0,0,10231.0,0,62.0,0,5.0,0
2013-06-08,1193536,2013-06-08,8.26964678384443,15.3,0,89.0,0,138.0,0,114.0,0,0.0,0,0.0,0,297.0,0,10214.0,0,65.0,0,4.0,0
2013-06-09,1169360,2013-06-09,9.147056677890012,16.1,0,105.0,0,129.0,0,3.0,0,0.0,0,0.0,0,98.0,0,10167.0,0,66.0,0,8.0,0
2013-06-10,1395655,2013-06-10,8.576192998876826,18.1,0,105.0,0,133.0,0,1.0,0,0.0,0,0.0,0,89.0,0,10157.0,0,63.0,0,8.0,0
2013-06-11,1422912,2013-06-11,8.458819577016657,17.8,0,85.0,0,133.0,0,6.0,0,0.0,0,0.0,0,109.0,0,10136.0,0,80.0,0,6.0,0
2013-06-12,1421574,2013-06-12,8.666901835893594,19.3,0,137.0,0,158.0,0,3.0,0,0.0,0,22.0,0,99.0,0,10111.0,0,84.0,0,8.0,0
2013-06-13,1396325,2013-06-13,8.543843317109697,19.7,0,130.0,0,162.0,0,15.0,0,0.0,0,0.0,0,135.0,0,10114.0,0,73.0,0,7.0,0
2013-06-14,1371557,2013-06-14,8.204286275978282,18.3,0,91.0,0,144.0,0,51.0,0,0.0,0,10.0,0,206.0,0,10157.0,0,67.0,0,5.0,0
2013-06-15,1183994,2013-06-15,8.652165605095542,18.2,0,107.0,0,145.0,0,63.0,0,0.0,0,30.0,0,226.0,0,10087.0,0,72.0,0,6.0,0
2013-06-16,1179462,2013-06-16,8.825882187675594,21.3,0,115.0,0,149.0,0,25.0,0,0.0,0,2.0,0,158.0,0,10138.0,0,67.0,0,6.0,0
2013-06-17,1394666,2013-06-17,8.224522855001872,21.0,0,127.0,0,170.0,0,2.0,0,0.0,0,0.0,0,95.0,0,10140.0,0,61.0,0,5.0,0
2013-06-18,1426054,2013-06-18,8.206188460097414,26.1,0,135.0,0,173.0,0,32.0,0,0.0,0,0.0,0,172.0,0,10144.0,0,74.0,0,5.0,0
2013-06-19,1438295,2013-06-19,8.032086533058624,21.3,0,153.0,0,207.0,0,49.0,0,0.0,0,0.0,0,203.0,0,10147.0,0,71.0,0,5.0,0
2013-06-20,1457583,2013-06-20,8.199657174971898,23.7,0,166.0,0,190.0,0,20.0,0,0.0,0,0.0,0,147.0,0,10118.0,0,77.0,0,6.0,0
2013-06-21,1405103,2013-06-21,8.082164699269253,19.4,0,139.0,0,188.0,0,33.0,0,0.0,0,16.0,0,174.0,0,10101.0,0,77.0,0,6.0,0
2013-06-22,1187039,2013-06-22,8.41320981641064,18.6,0,118.0,0,156.0,0,11.0,0,0.0,0,2.0,0,125.0,0,10067.0,0,79.0,0,7.0,0
2013-06-23,1160803,2013-06-23,9.008410871602624,17.7,0,127.0,0,157.0,0,19.0,0,0.0,0,2.0,0,145.0,0,10099.0,0,73.0,0,7.0,0
2013-06-24,1386219,2013-06-24,8.419859553722107,21.1,0,100.0,0,139.0,0,4.0,0,0.0,0,0.0,0,103.0,0,10224.0,0,62.0,0,7.0,0
2013-06-25,1418795,2013-06-25,8.16387535145267,22.5,0,108.0,0,160.0,0,79.0,0,0.0,0,0.0,0,250.0,0,10289.0,0,55.0,0,5.0,0
2013-06-26,1414937,2013-06-26,8.036278860569716,20.7,0,102.0,0,164.0,0,55.0,0,0.0,0,0.0,0,213.0,0,10300.0,0,60.0,0,5.0,0
2013-06-27,1417627,2013-06-27,8.103375796178344,21.5,0,119.0,0,163.0,0,50.0,0,0.0,0,14.0,0,204.0,0,10264.0,0,68.0,0,5.0,0
2013-06-28,1395410,2013-06-28,8.291017616191905,22.2,0,121.0,0,168.0,0,0.0,0,0.0,0,8.0,0,81.0,0,10198.0,0,86.0,0,7.0,0
2013-06-29,1200969,2013-06-29,8.10806280464942,27.2,0,132.0,0,177.0,0,91.0,0,0.0,0,0.0,0,266.0,0,10228.0,0,58.0,0,4.0,0
2013-06-30,1146393,2013-06-30,8.462441799437675,21.3,0,141.0,0,207.0,0,111.0,0,0.0,0,0.0,0,293.0,0,10216.0,0,66.0,0,2.0,0
2013-07-01,1356572,2013-07-01,8.11550984067479,17.9,0,134.0,0,174.0,0,82.0,0,0.0,0,0.0,0,253.0,0,10170.0,0,60.0,0,3.0,0
2013-07-02,1408293,2013-07-02,8.24803392053973,21.5,0,116.0,0,148.0,0,0.0,0,0.0,0,12.0,0,80.0,0,10111.0,0,72.0,0,5.0,0
2013-07-03,1414490,2013-07-03,8.19504650290643,24.9,0,143.0,0,179.0,0,2.0,0,0.0,0,0.0,0,94.0,0,10089.0,0,76.0,0,7.0,0
2013-07-04,1395789,2013-07-04,8.014322514071294,26.3,0,125.0,0,187.0,0,45.0,0,0.0,0,0.0,0,194.0,0,10197.0,0,71.0,0,4.0,0
2013-07-05,1383948,2013-07-05,7.970279594137542,28.1,0,120.0,0,192.0,0,119.0,0,0.0,0,0.0,0,302.0,0,10286.0,0,63.0,0,0.0,0
2013-07-06,1218369,2013-07-06,7.997509497837126,29.5,0,140.0,0,211.0,0,136.0,0,0.0,0,0.0,0,323.0,0,10294.0,0,57.0,0,0.0,0
2013-07-07,1186779,2013-07-07,8.339931339352896,27.7,0,165.0,0,230.0,0,138.0,0,0.0,0,0.0,0,325.0,0,10316.0,0,58.0,0,0.0,0
2013-07-08,1400376,2013-07-08,7.96851749435666,27.2,0,155.0,0,216.0,0,137.0,0,0.0,0,0.0,0,323.0,0,10326.0,0,57.0,0,0.0,0
2013-07-09,1420484,2013-07-09,7.865052700922266,24.6,0,125.0,0,199.0,0,145.0,0,0.0,0,0.0,0,333.0,0,10282.0,0,48.0,0,0.0,0
2013-07-10,1420579,2013-07-10,7.84724430641822,23.4,0,136.0,0,191.0,0,128.0,0,0.0,0,0.0,0,311.0,0,10256.0,0,60.0,0,1.0,0
2013-07-11,1400926,2013-07-11,7.7709236267870585,25.9,0,118.0,0,176.0,0,125.0,0,0.0,0,0.0,0,307.0,0,10255.0,0,58.0,0,3.0,0
2013-07-12,1399183,2013-07-12,7.815935417058934,31.4,0,123.0,0,191.0,0,81.0,0,0.0,0,0.0,0,248.0,0,10251.0,0,63.0,0,2.0,0
2013-07-13,1247976,2013-07-13,7.9428796836753905,29.8,0,143.0,0,229.0,0,121.0,0,0.0,0,0.0,0,301.0,0,10239.0,0,61.0,0,1.0,0
2013-07-14,1203325,2013-07-14,8.329978903748351,30.9,0,178.0,0,238.0,0,113.0,0,0.0,0,0.0,0,290.0,0,10236.0,0,56.0,0,1.0,0
2013-07-15,1419224,2013-07-15,8.066557648831951,31.0,0,178.0,0,244.0,0,126.0,0,0.0,0,0.0,0,306.0,0,10231.0,0,39.0,0,0.0,0
2013-07-16,1452012,2013-07-16,8.023428248587571,31.9,0,172.0,0,241.0,0,92.0,0,0.0,0,0.0,0,261.0,0,10228.0,0,49.0,0,1.0,0
2013-07-17,1466111,2013-07-17,8.07288736108495,29.5,0,180.0,0,250.0,0,83.0,0,0.0,0,0.0,0,248.0,0,10238.0,0,49.0,0,1.0,0
2013-07-18,1465013,2013-07-18,8.00012283345893,29.3,0,184.0,0,240.0,0,139.0,0,0.0,0,0.0,0,320.0,0,10261.0,0,52.0,0,0.0,0
2013-07-19,1416372,2013-07-19,7.876776794123186,24.6,0,159.0,0,226.0,0,143.0,0,0.0,0,0.0,0,324.0,0,10251.0,0,51.0,0,0.0,0
2013-07-20,1236632,2013-07-20,8.013563759653419,27.5,0,165.0,0,206.0,0,29.0,0,0.0,0,0.0,0,159.0,0,10233.0,0,68.0,0,5.0,0
2013-07-21,1181815,2013-07-21,8.193773464003014,33.5,0,169.0,0,222.0,0,75.0,0,0.0,0,6.0,0,234.0,0,10195.0,0,66.0,0,4.0,0
2013-07-22,1428130,2013-07-22,8.178838861666039,29.6,0,172.0,0,254.0,0,109.0,0,0.0,0,2.0,0,279.0,0,10158.0,0,60.0,0,1.0,0
2013-07-23,1476731,2013-07-23,8.221957390648567,27.7,0,207.0,0,252.0,0,49.0,0,0.0,0,4.0,0,193.0,0,10133.0,0,65.0,0,3.0,0
2013-07-24,1441132,2013-07-24,7.87971320754717,26.9,0,153.0,0,215.0,0,86.0,0,0.0,0,86.0,0,247.0,0,10143.0,0,65.0,0,1.0,0
2013-07-25,1429998,2013-07-25,7.973942086398792,26.8,0,163.0,0,216.0,0,65.0,0,0.0,0,0.0,0,217.0,0,10128.0,0,72.0,0,4.0,0
2013-07-26,1387201,2013-07-26,7.936591655654143,28.9,0,139.0,0,204.0,0,79.0,0,0.0,0,0.0,0,236.0,0,10124.0,0,60.0,0,3.0,0
2013-07-27,1237266,2013-07-27,8.073558806871814,24.9,0,147.0,0,218.0,0,58.0,0,0.0,0,60.0,0,205.0,0,10065.0,0,67.0,0,3.0,0
2013-07-28,1140233,2013-07-28,8.191858761329305,24.7,0,147.0,0,198.0,0,78.0,0,0.0,0,28.0,0,233.0,0,10068.0,0,71.0,0,4.0,0
2013-07-29,1339359,2013-07-29,7.907553918791312,22.3,0,158.0,0,203.0,0,55.0,0,0.0,0,28.0,0,199.0,0,10115.0,0,74.0,0,4.0,0
2013-07-30,1373423,2013-07-30,7.999817151492255,26.9,0,152.0,0,188.0,0,31.0,0,0.0,0,26.0,0,157.0,0,10135.0,0,84.0,0,3.0,0
2013-07-31,1391297,2013-07-31,7.959776350585568,34.1,0,159.0,0,214.0,0,13.0,0,0.0,0,0.0,0,119.0,0,10153.0,0,77.0,0,6.0,0
2013-08-01,1410413,2013-08-01,7.913224154224154,26.4,0,165.0,0,253.0,0,133.0,0,0.0,0,0.0,0,299.0,0,10092.0,0,61.0,0,1.0,0
2013-08-02,1371240,2013-08-02,7.983150311968235,24.7,0,172.0,0,218.0,0,50.0,0,0.0,0,32.0,0,188.0,0,10088.0,0,69.0,0,3.0,0
2013-08-03,1178189,2013-08-03,7.741152231467474,24.5,0,152.0,0,200.0,0,98.0,0,0.0,0,0.0,0,254.0,0,10152.0,0,69.0,0,1.0,0
2013-08-04,1158323,2013-08-04,8.0731835035944,23.8,0,143.0,0,194.0,0,61.0,0,0.0,0,0.0,0,203.0,0,10189.0,0,68.0,0,2.0,0
2013-08-05,1368621,2013-08-05,8.000883720930233,22.7,0,167.0,0,203.0,0,20.0,0,0.0,0,120.0,0,132.0,0,10121.0,0,77.0,0,2.0,0
2013-08-06,1360007,2013-08-06,7.714011163670766,23.1,0,119.0,0,173.0,0,91.0,0,0.0,0,0.0,0,242.0,0,10158.0,0,66.0,0,1.0,0
2013-08-07,1359282,2013-08-07,7.633053588335543,25.5,0,147.0,0,189.0,0,73.0,0,0.0,0,0.0,0,217.0,0,10145.0,0,59.0,0,1.0,0
2013-08-08,1361996,2013-08-08,7.667106628787878,24.9,0,122.0,0,189.0,0,95.0,0,0.0,0,6.0,0,245.0,0,10193.0,0,58.0,0,1.0,0
2013-08-09,1331887,2013-08-09,7.693744886363636,23.0,0,155.0,0,202.0,0,47.0,0,0.0,0,0.0,0,177.0,0,10190.0,0,65.0,0,5.0,0
2013-08-10,1191555,2013-08-10,7.70330808558985,24.0,0,132.0,0,181.0,0,28.0,0,0.0,0,0.0,0,144.0,0,10220.0,0,54.0,0,5.0,0
2013-08-11,1135022,2013-08-11,8.017720234715124,22.8,0,164.0,0,202.0,0,89.0,0,0.0,0,0.0,0,234.0,0,10181.0,0,59.0,0,3.0,0
2013-08-12,1331698,2013-08-12,7.782435392194014,21.5,0,136.0,0,182.0,0,43.0,0,0.0,0,0.0,0,168.0,0,10171.0,0,59.0,0,2.0,0
2013-08-13,1369564,2013-08-13,7.736230054955468,23.4,0,103.0,0,159.0,0,43.0,0,0.0,0,4.0,0,167.0,0,10219.0,0,69.0,0,1.0,0
2013-08-14,1398402,2013-08-14,7.710560522826293,24.2,0,112.0,0,173.0,0,57.0,0,0.0,0,10.0,0,187.0,0,10228.0,0,77.0,0,3.0,0
2013-08-15,1400659,2013-08-15,7.800674370145861,23.6,0,161.0,0,202.0,0,21.0,0,0.0,0,12.0,0,127.0,0,10185.0,0,79.0,0,3.0,0
2013-08-16,1381595,2013-08-16,7.855648541114058,20.9,0,168.0,0,202.0,0,24.0,0,0.0,0,8.0,0,132.0,0,10150.0,0,83.0,0,3.0,0
2013-08-17,1203096,2013-08-17,8.007896204933585,23.9,0,139.0,0,174.0,0,25.0,0,0.0,0,0.0,0,133.0,0,10123.0,0,80.0,0,3.0,0
2013-08-18,1156391,2013-08-18,8.202907069555302,23.5,0,158.0,0,199.0,0,42.0,0,0.0,0,0.0,0,161.0,0,10097.0,0,68.0,0,2.0,0
2013-08-19,1365882,2013-08-19,7.809359437369322,24.9,0,117.0,0,176.0,0,89.0,0,0.0,0,0.0,0,224.0,0,10201.0,0,60.0,0,1.0,0
2013-08-20,1404099,2013-08-20,7.6606812915479585,27.5,0,118.0,0,184.0,0,106.0,0,0.0,0,0.0,0,243.0,0,10274.0,0,59.0,0,0.0,0
2013-08-21,1406882,2013-08-21,7.680573870110141,23.9,0,127.0,0,201.0,0,113.0,0,0.0,0,28.0,0,249.0,0,10237.0,0,60.0,0,0.0,0
2013-08-22,1437691,2013-08-22,8.043843435303058,27.7,0,164.0,0,202.0,0,8.0,0,0.0,0,0.0,0,92.0,0,10197.0,0,85.0,0,2.0,0
2013-08-23,1410103,2013-08-23,7.820229963830192,18.7,1,157.0,0,217.0,1,62.0,0,0.0,0,6.0,0,184.0,0,10145.0,0,69.0,0,0.0,0
2013-08-24,1242982,2013-08-24,8.263016377832795,24.7,0,172.0,0,180.0,0,0.0,0,0.0,0,98.0,0,61.0,0,10110.0,0,87.0,0,6.0,0
2013-08-25,1162559,2013-08-25,8.117698533612646,25.9,0,129.0,0,188.0,0,49.0,0,0.0,0,2.0,0,164.0,0,10133.0,0,77.0,0,5.0,0
2013-08-26,1202194,2013-08-26,8.141032761904762,23.6,0,149.0,0,204.0,0,72.0,0,0.0,0,0.0,0,193.0,0,10184.0,0,66.0,0,3.0,0
2013-08-27,1387234,2013-08-27,7.889872214816225,24.7,0,119.0,0,178.0,0,85.0,0,0.0,0,0.0,0,208.0,0,10187.0,0,65.0,0,2.0,0
2013-08-28,1414733,2013-08-28,7.8104046077684695,24.7,0,122.0,0,185.0,0,92.0,0,0.0,0,0.0,0,215.0,0,10223.0,0,62.0,0,1.0,0
2013-08-29,1410425,2013-08-29,7.747788271134805,25.4,0,142.0,0,195.0,0,81.0,0,0.0,0,0.0,0,200.0,0,10218.0,0,67.0,0,1.0,0
2013-08-30,1384355,2013-08-30,7.855049885757807,21.4,0,151.0,0,203.0,0,82.0,0,0.0,0,0.0,0,200.0,0,10197.0,0,71.0,0,2.0,0
2013-08-31,1201382,2013-08-31,7.924299238095239,22.3,0,138.0,0,176.0,0,108.0,0,0.0,0,0.0,0,228.0,0,10256.0,0,57.0,0,1.0,0
2013-09-01,1153024,2013-09-01,8.419483520670603,26.2,0,92.0,0,158.0,0,54.0,0,0.0,0,0.0,0,156.0,0,10295.0,0,61.0,0,0.0,0
2013-09-02,1373170,2013-09-02,8.025300323747857,26.0,0,114.0,0,188.0,0,126.0,0,0.0,0,0.0,0,233.0,0,10271.0,0,67.0,0,0.0,0
2013-09-03,1456522,2013-09-03,8.021214435345648,28.5,0,142.0,0,201.0,0,42.0,0,0.0,0,0.0,0,137.0,0,10270.0,0,71.0,0,2.0,0
2013-09-04,1456902,2013-09-04,8.030170699180797,29.5,0,137.0,0,211.0,0,125.0,0,0.0,0,0.0,0,229.0,0,10207.0,0,65.0,0,0.0,0
2013-09-05,1462396,2013-09-05,8.071030106707317,18.1,1,144.0,0,220.0,1,116.0,0,0.0,0,0.0,0,218.0,0,10111.0,0,65.0,0,2.0,0
2013-09-06,1434107,2013-09-06,8.301362960137327,19.5,0,142.0,0,162.0,0,28.0,0,0.0,0,12.0,0,114.0,0,10086.0,0,76.0,0,5.0,0
2013-09-07,1236775,2013-09-07,8.31383466819222,18.5,0,109.0,0,152.0,0,61.0,0,0.0,0,2.0,0,156.0,0,10140.0,0,69.0,0,2.0,0
2013-09-08,1216781,2013-09-08,8.840215211589783,14.1,0,80.0,0,133.0,0,53.0,0,0.0,0,32.0,0,145.0,0,10180.0,0,79.0,0,2.0,0
2013-09-09,1438111,2013-09-09,8.788974642516683,17.2,0,90.0,0,116.0,0,1.0,0,0.0,0,32.0,0,58.0,0,10166.0,0,90.0,0,4.0,0
2013-09-10,1432093,2013-09-10,8.718351516307457,17.4,0,90.0,0,131.0,0,40.0,0,0.0,0,0.0,0,127.0,0,10204.0,0,73.0,0,2.0,0
2013-09-11,1486239,2013-09-11,8.839153978248426,20.5,0,119.0,0,147.0,0,8.0,0,0.0,0,26.0,0,75.0,0,10212.0,0,75.0,0,6.0,0
2013-09-12,1483144,2013-09-12,8.565752339125453,19.6,0,125.0,0,165.0,0,8.0,0,0.0,0,18.0,0,74.0,0,10193.0,0,86.0,0,6.0,0
2013-09-13,1467951,2013-09-13,8.829404048119152,14.2,1,142.0,0,169.0,1,1.0,0,0.0,0,298.0,0,55.0,0,10168.0,0,94.0,0,7.0,0
2013-09-14,1294802,2013-09-14,9.291982623639488,16.2,0,92.0,0,117.0,0,0.0,0,0.0,0,2.0,0,49.0,0,10161.0,0,85.0,0,6.0,0
2013-09-15,1250584,2013-09-15,9.889957585021017,15.2,0,66.0,0,114.0,0,35.0,0,0.0,0,18.0,0,114.0,0,10097.0,0,84.0,0,3.0,0
2013-09-16,1416182,2013-09-16,8.952600993693867,14.8,0,79.0,0,116.0,0,94.0,0,0.0,0,2.0,0,177.0,0,10031.0,0,64.0,0,0.0,0
2013-09-17,1518041,2013-09-17,9.242429090214069,16.3,0,80.0,0,114.0,0,5.0,0,0.0,0,46.0,0,64.0,0,10000.0,0,83.0,0,4.0,0
2013-09-18,1483845,2013-09-18,8.87898643225683,17.5,0,107.0,0,135.0,0,41.0,0,0.0,0,0.0,0,118.0,0,10043.0,0,74.0,0,4.0,0
2013-09-19,1498314,2013-09-19,9.116968038277513,19.2,0,70.0,0,123.0,0,11.0,0,0.0,0,2.0,0,74.0,0,10104.0,0,83.0,0,2.0,0
2013-09-20,1468679,2013-09-20,8.798631961722489,18.9,0,87.0,0,140.0,0,64.0,0,0.0,0,0.0,0,141.0,0,10183.0,0,71.0,0,4.0,0
2013-09-21,1312417,2013-09-21,9.045839463601533,19.8,0,98.0,0,144.0,0,0.0,0,0.0,0,0.0,0,44.0,0,10245.0,0,84.0,0,4.0,0
2013-09-22,1276902,2013-09-22,9.512708756466756,18.6,0,145.0,0,172.0,0,0.0,0,0.0,0,0.0,0,44.0,0,10279.0,0,88.0,0,6.0,0
2013-09-23,1479933,2013-09-23,8.818505652423836,22.2,0,129.0,0,158.0,0,12.0,0,0.0,0,2.0,0,72.0,0,10247.0,0,88.0,0,4.0,0
2013-09-24,1500093,2013-09-24,8.517794252873562,21.9,0,100.0,0,161.0,0,61.0,0,0.0,0,0.0,0,132.0,0,10164.0,0,86.0,0,5.0,0
2013-09-25,1504107,2013-09-25,8.558195785440613,20.2,0,125.0,0,172.0,0,23.0,0,0.0,0,0.0,0,87.0,0,10118.0,0,81.0,0,7.0,0
2013-09-26,1483682,2013-09-26,8.62841590038314,18.7,0,140.0,0,171.0,0,34.0,0,0.0,0,0.0,0,100.0,0,10166.0,0,74.0,0,7.0,0
2013-09-27,1435229,2013-09-27,8.526264570552147,20.2,0,104.0,0,146.0,0,70.0,0,0.0,0,0.0,0,136.0,0,10161.0,0,76.0,0,5.0,0
2013-09-28,1269911,2013-09-28,8.996351025100594,19.1,0,118.0,0,160.0,0,7.0,0,0.0,0,4.0,0,59.0,0,10095.0,0,76.0,0,6.0,0
2013-09-29,1215570,2013-09-29,9.440852653765088,19.1,0,138.0,0,165.0,0,45.0,0,0.0,0,0.0,0,108.0,0,10069.0,0,74.0,0,6.0,0
2013-09-30,1444026,2013-09-30,8.845674204676122,17.5,0,137.0,0,164.0,0,24.0,0,0.0,0,0.0,0,83.0,0,10068.0,0,74.0,0,5.0,0
2013-10-01,1467471,2013-10-01,8.918944337811899,22.0,0,117.0,0,146.0,0,0.0,0,0.0,0,0.0,0,39.0,0,10089.0,0,78.0,0,6.0,0
2013-10-02,1505462,2013-10-02,8.929588754557667,19.2,0,140.0,0,180.0,0,21.0,0,0.0,0,0.0,0,77.0,0,10105.0,0,82.0,0,7.0,0
2013-10-03,1504884,2013-10-03,8.880879439431752,22.0,0,133.0,0,163.0,0,9.0,0,0.0,0,16.0,0,59.0,0,10085.0,0,92.0,0,6.0,0
2013-10-04,1469298,2013-10-04,8.702883086964869,19.4,0,160.0,0,190.0,0,39.0,0,0.0,0,0.0,0,96.0,0,10092.0,0,83.0,0,6.0,0
2013-10-05,1304659,2013-10-05,9.152314324116743,19.8,0,126.0,0,160.0,0,9.0,0,0.0,0,2.0,0,57.0,0,10202.0,0,81.0,0,6.0,0
2013-10-06,1245274,2013-10-06,9.376811947752593,20.3,0,86.0,0,142.0,0,95.0,0,0.0,0,0.0,0,142.0,0,10257.0,0,78.0,0,4.0,0
2013-10-07,1467627,2013-10-07,8.948821552055321,21.0,0,99.0,0,151.0,0,43.0,0,0.0,0,0.0,0,96.0,0,10255.0,0,83.0,0,7.0,0
2013-10-08,1482847,2013-10-08,8.768964841498558,17.8,0,126.0,0,168.0,0,49.0,0,0.0,0,0.0,0,100.0,0,10248.0,0,83.0,0,6.0,0
2013-10-09,1472608,2013-10-09,8.94084204458109,12.1,1,132.0,1,155.0,1,13.0,0,0.0,0,0.0,0,60.0,0,10199.0,0,74.0,0,6.0,0
2013-10-10,1476741,2013-10-10,9.29505780679854,13.6,0,70.0,0,96.0,0,33.0,0,0.0,0,12.0,0,82.0,0,10189.0,0,64.0,0,4.0,0
2013-10-11,1483838,2013-10-11,9.873730850451143,14.1,0,82.0,0,109.0,0,24.0,0,0.0,0,50.0,0,72.0,0,10178.0,0,82.0,0,4.0,0
2013-10-12,1341409,2013-10-12,9.59702380952381,11.4,1,92.0,0,117.0,1,30.0,0,0.0,0,22.0,0,77.0,0,10182.0,0,77.0,0,7.0,0
2013-10-13,1340340,2013-10-13,10.967507299270073,11.8,0,96.0,0,105.0,0,0.0,0,0.0,0,90.0,0,32.0,0,10107.0,0,92.0,0,6.0,0
2013-10-14,1562122,2013-10-14,10.030857829010566,13.9,0,87.0,0,103.0,0,2.0,0,0.0,0,24.0,0,38.0,0,10074.0,0,89.0,0,7.0,0
2013-10-15,1576732,2013-10-15,9.64234974043453,15.9,0,79.0,0,109.0,0,34.0,0,0.0,0,2.0,0,78.0,0,10108.0,0,86.0,0,5.0,0
2013-10-16,1572065,2013-10-16,9.973117714945182,18.7,0,54.0,0,107.0,0,18.0,0,0.0,0,48.0,0,60.0,0,10102.0,0,89.0,0,5.0,0
2013-10-17,1540516,2013-10-17,9.471033686236765,17.9,0,90.0,0,139.0,0,64.0,0,0.0,0,0.0,0,101.0,0,10136.0,0,80.0,0,4.0,0
2013-10-18,1531141,2013-10-18,9.360215124110063,18.5,0,106.0,0,143.0,0,2.0,0,0.0,0,10.0,0,36.0,0,10137.0,0,88.0,0,5.0,0
2013-10-19,1348327,2013-10-19,9.621036944390996,17.4,0,126.0,0,156.0,0,5.0,0,0.0,0,56.0,0,41.0,0,10054.0,0,89.0,0,5.0,0
2013-10-20,1293752,2013-10-20,10.165735322425409,18.2,0,124.0,0,149.0,0,33.0,0,0.0,0,70.0,0,71.0,0,10053.0,0,88.0,0,6.0,0
2013-10-21,1515403,2013-10-21,9.47261790182868,18.4,0,122.0,0,152.0,0,0.0,0,0.0,0,12.0,0,28.0,0,10057.0,0,85.0,0,7.0,0
2013-10-22,1525565,2013-10-22,9.311661470361816,17.8,0,153.0,0,169.0,0,0.0,0,0.0,0,68.0,0,27.0,0,9971.0,0,86.0,0,7.0,0
2013-10-23,1500533,2013-10-23,9.17752810935695,17.7,0,134.0,0,156.0,0,54.0,0,0.0,0,0.0,0,85.0,0,9993.0,0,78.0,0,4.0,0
2013-10-24,1549424,2013-10-24,9.201848315688162,18.8,0,64.0,0,121.0,0,73.0,0,0.0,0,18.0,0,97.0,0,10133.0,0,84.0,0,4.0,0
2013-10-25,1482435,2013-10-25,9.18184058529072,17.7,0,119.0,0,154.0,0,20.0,0,0.0,0,2.0,0,54.0,0,10050.0,0,84.0,0,6.0,0
2013-10-26,1316717,2013-10-26,9.615820562187139,16.9,0,144.0,0,161.0,0,11.0,0,0.0,0,40.0,0,44.0,0,10042.0,0,83.0,0,4.0,0
2013-10-27,1267473,2013-10-27,10.330035425490951,15.2,0,110.0,0,140.0,0,49.0,0,0.0,0,235.0,0,77.0,0,9965.0,0,79.0,0,5.0,0
2013-10-28,1535115,2013-10-28,9.881440338722093,13.1,1,113.0,0,133.0,1,39.0,0,0.0,0,25.0,0,68.0,0,9925.0,0,80.0,0,6.0,0
2013-10-29,1543745,2013-10-29,9.912502213666988,14.5,0,75.0,0,103.0,0,65.0,0,0.0,0,0.0,0,85.0,0,10106.0,0,75.0,0,1.0,0
2013-10-30,1566398,2013-10-30,9.929816676295012,13.3,0,35.0,0,90.0,0,62.0,0,0.0,0,10.0,0,82.0,0,10201.0,0,80.0,0,3.0,0
2013-10-31,1559632,2013-10-31,9.97030379502986,15.0,0,81.0,0,107.0,0,0.0,0,0.0,0,2.0,0,23.0,0,10165.0,0,87.0,0,7.0,0
2013-11-01,1564221,2013-11-01,9.821781352340588,15.8,0,114.0,0,132.0,0,0.0,0,0.0,0,6.0,0,23.0,0,10089.0,0,87.0,0,7.0,0
2013-11-02,1385340,2013-11-02,9.977709801656076,12.6,1,102.0,0,130.0,1,37.0,0,0.0,0,0.0,0,62.0,0,9986.0,0,80.0,0,5.0,0
2013-11-03,1354897,2013-11-03,11.044185634507992,10.8,0,74.0,0,100.0,0,63.0,0,0.0,0,150.0,0,78.0,0,9987.0,0,73.0,0,3.0,0
2013-11-04,1604071,2013-11-04,10.321917919075144,13.0,0,59.0,0,84.0,0,74.0,0,0.0,0,50.0,0,83.0,0,9919.0,0,79.0,0,3.0,0
2013-11-05,1649602,2013-11-05,10.710369121048574,15.7,0,42.0,0,86.0,0,10.0,0,0.0,0,20.0,0,36.0,0,9948.0,0,81.0,0,7.0,0
2013-11-06,1661876,2013-11-06,10.478511466563885,11.2,1,93.0,0,125.0,1,0.0,0,0.0,0,32.0,0,21.0,0,9995.0,0,87.0,0,8.0,0
2013-11-07,1622519,2013-11-07,10.11934670266101,11.4,0,92.0,0,102.0,0,6.0,0,0.0,0,0.0,0,31.0,0,10064.0,0,80.0,0,5.0,0
2013-11-08,1650038,2013-11-08,10.53117364460737,8.2,1,51.0,0,83.0,1,2.0,0,0.0,0,88.0,0,25.0,0,10056.0,0,89.0,0,3.0,0
2013-11-09,1513510,2013-11-09,11.306920570657413,10.2,0,37.0,0,60.0,0,2.0,0,0.0,0,56.0,0,25.0,0,10061.0,0,90.0,0,4.0,0
2013-11-10,1466811,2013-11-10,11.553900732459523,13.1,0,44.0,0,73.0,0,79.0,0,0.0,0,10.0,0,79.0,0,10159.0,0,78.0,0,2.0,0
2013-11-11,1673486,2013-11-11,11.007909020817271,12.8,0,16.0,0,74.0,0,0.0,0,0.0,0,28.0,0,19.0,0,10224.0,0,92.0,0,7.0,0
2013-11-12,1658448,2013-11-12,10.404712577160494,10.8,1,96.0,0,112.0,1,14.0,0,0.0,0,2.0,0,36.0,0,10263.0,0,87.0,0,4.0,0
2013-11-13,1679763,2013-11-13,10.669635557269572,9.7,0,13.0,0,61.0,0,66.0,0,0.0,0,4.0,0,69.0,0,10321.0,0,81.0,0,2.0,0
2013-11-14,1649420,2013-11-14,10.644338283510125,10.0,0,42.0,0,70.0,0,45.0,0,0.0,0,0.0,0,57.0,0,10240.0,0,76.0,0,2.0,0
2013-11-15,1694832,2013-11-15,10.788005593056894,10.0,0,34.0,0,67.0,0,64.0,0,0.0,0,0.0,0,66.0,0,10329.0,0,72.0,0,1.0,0
2013-11-16,1533389,2013-11-16,11.295799884214588,9.7,0,3.0,0,52.0,0,54.0,0,0.0,0,0.0,0,60.0,0,10320.0,0,88.0,0,3.0,0
2013-11-17,1493105,2013-11-17,11.881618532818532,9.6,0,27.0,0,62.0,0,0.0,0,0.0,0,4.0,0,17.0,0,10243.0,0,88.0,0,8.0,0
2013-11-18,1690543,2013-11-18,11.044271902740254,6.4,1,79.0,1,88.0,1,0.0,0,0.0,0,2.0,0,17.0,0,10110.0,0,92.0,0,8.0,0
2013-11-19,1733752,2013-11-19,11.09502300405954,7.6,0,23.0,0,44.0,0,71.0,0,0.0,0,2.0,0,66.0,0,10140.0,0,76.0,0,1.0,0
2013-11-20,1759637,2013-11-20,11.83386162183085,8.3,0,-29.0,0,24.0,0,17.0,0,0.0,0,42.0,0,35.0,0,10041.0,0,84.0,0,5.0,0
2013-11-21,1744074,2013-11-21,11.634286710577296,8.2,0,33.0,0,58.0,0,21.0,0,0.0,0,0.0,0,37.0,0,10045.0,0,79.0,0,4.0,0
2013-11-22,1742564,2013-11-22,11.509981007751938,8.1,0,33.0,0,58.0,0,43.0,0,0.0,0,0.0,0,50.0,0,10179.0,0,77.0,0,2.0,0
2013-11-23,1597542,2013-11-23,11.770955990694068,8.2,0,23.0,0,52.0,0,54.0,0,0.0,0,0.0,0,55.0,0,10244.0,0,82.0,0,4.0,0
2013-11-24,1554328,2013-11-24,12.427183923705721,7.5,0,38.0,0,60.0,0,0.0,0,0.0,0,0.0,0,16.0,0,10307.0,0,79.0,0,7.0,0
2013-11-25,1767898,2013-11-25,11.567541650447646,8.2,0,40.0,0,58.0,0,11.0,0,0.0,0,0.0,0,28.0,0,10378.0,0,78.0,0,7.0,0
2013-11-26,1807770,2013-11-26,11.443268197742313,10.9,0,6.0,0,44.0,0,55.0,0,0.0,0,2.0,0,53.0,0,10389.0,0,74.0,0,5.0,0
2013-11-27,1777390,2013-11-27,11.52559820732658,10.3,0,22.0,0,66.0,0,0.0,0,0.0,0,0.0,0,15.0,0,10340.0,0,88.0,0,8.0,0
2013-11-28,1763022,2013-11-28,11.05348450594426,10.4,0,72.0,0,88.0,0,0.0,0,0.0,0,0.0,0,15.0,0,10347.0,0,87.0,0,8.0,0
2013-11-29,1678688,2013-11-29,10.996838791423002,9.0,0,74.0,0,89.0,0,0.0,0,0.0,0,2.0,0,15.0,0,10269.0,0,77.0,0,6.0,0
2013-11-30,1551301,2013-11-30,11.530147007213882,9.7,0,53.0,0,72.0,0,16.0,0,0.0,0,0.0,0,30.0,0,10276.0,0,74.0,0,4.0,0
2013-12-01,1547684,2013-12-01,12.262636115444618,9.7,0,8.0,0,53.0,0,2.0,0,0.0,0,0.0,0,17.0,0,10330.0,0,83.0,0,6.0,0
2013-12-02,1759309,2013-12-02,11.239042129900527,7.7,0,57.0,0,77.0,0,0.0,0,0.0,0,0.0,0,13.0,0,10340.0,0,80.0,0,8.0,0
2013-12-03,1787843,2013-12-03,11.414006243902438,8.9,0,59.0,0,68.0,0,0.0,0,0.0,0,0.0,0,13.0,0,10297.0,0,73.0,0,8.0,0
2013-12-04,1775658,2013-12-04,11.356104390243903,10.6,0,51.0,0,70.0,0,0.0,0,0.0,0,2.0,0,13.0,0,10294.0,0,78.0,0,5.0,0
2013-12-05,1769775,2013-12-05,11.815181587673104,8.8,0,-5.0,0,51.0,0,4.0,0,0.0,0,4.0,0,18.0,0,10240.0,0,74.0,0,3.0,0
2013-12-06,1772152,2013-12-06,11.605175195312501,9.4,0,14.0,0,51.0,0,51.0,0,0.0,0,0.0,0,45.0,0,10278.0,0,71.0,0,3.0,0
2013-12-07,1579862,2013-12-07,11.9242619140625,12.0,0,30.0,0,62.0,0,0.0,0,0.0,0,0.0,0,13.0,0,10267.0,0,86.0,0,7.0,0
2013-12-08,1485263,2013-12-08,12.08054130052724,11.3,0,40.0,0,80.0,0,32.0,0,0.0,0,2.0,0,35.0,0,10255.0,0,84.0,0,2.0,0
2013-12-09,1707697,2013-12-09,11.223678125,9.6,0,48.0,0,81.0,0,53.0,0,0.0,0,2.0,0,45.0,0,10289.0,0,89.0,0,0.0,0
2013-12-10,1770107,2013-12-10,11.378429996089167,5.5,0,1.0,0,49.0,0,9.0,0,0.0,0,4.0,0,21.0,0,10313.0,0,91.0,0,3.0,0
2013-12-11,1800659,2013-12-11,11.707710958904109,11.2,0,7.0,0,31.0,0,24.0,0,0.0,0,2.0,0,30.0,0,10295.0,0,96.0,0,0.0,0
2013-12-12,1778425,2013-12-12,11.64128048541789,12.6,0,-15.0,0,49.0,0,8.0,0,0.0,0,2.0,0,21.0,0,10248.0,0,93.0,0,3.0,0
2013-12-13,1708017,2013-12-13,11.392124633144197,11.8,0,50.0,0,88.0,0,0.0,0,0.0,0,18.0,0,12.0,0,10196.0,0,85.0,0,7.0,0
2013-12-14,1525773,2013-12-14,11.736654733959313,12.7,0,35.0,0,77.0,0,20.0,0,0.0,0,12.0,0,28.0,0,10224.0,0,82.0,0,3.0,0
2013-12-15,1479395,2013-12-15,12.257546771037182,13.3,0,50.0,0,89.0,0,0.0,0,0.0,0,90.0,0,12.0,0,10191.0,0,92.0,0,6.0,0
2013-12-16,1690070,2013-12-16,11.170061068702289,7.4,1,86.0,1,110.0,1,0.0,0,0.0,0,128.0,0,12.0,0,10166.0,0,90.0,0,7.0,0
2013-12-17,1755393,2013-12-17,11.370127617929146,10.8,0,46.0,0,60.0,0,0.0,0,0.0,0,28.0,0,12.0,0,10217.0,0,90.0,0,7.0,0
2013-12-18,1719026,2013-12-18,11.299923287671232,9.0,0,49.0,0,79.0,0,11.0,0,0.0,0,78.0,0,22.0,0,10077.0,0,89.0,0,6.0,0
2013-12-19,1735298,2013-12-19,11.44429935433379,11.1,0,49.0,0,70.0,0,51.0,0,0.0,0,38.0,0,42.0,0,10021.0,0,78.0,0,3.0,0
2013-12-20,1677421,2013-12-20,11.489317354725102,12.1,0,21.0,0,66.0,0,54.0,0,0.0,0,26.0,0,43.0,0,10187.0,0,80.0,0,2.0,0
2013-12-21,1480365,2013-12-21,12.12399784735812,10.1,0,42.0,0,82.0,0,0.0,0,0.0,0,64.0,0,12.0,0,10125.0,0,87.0,0,7.0,0
2013-12-22,1446402,2013-12-22,11.942015860583513,11.9,0,72.0,0,87.0,0,32.0,0,0.0,0,2.0,0,34.0,0,10098.0,0,75.0,0,2.0,0
2013-12-23,1612169,2013-12-23,12.046325176194205,9.5,0,44.0,0,82.0,0,0.0,0,0.0,0,270.0,0,12.0,0,9983.0,0,86.0,0,6.0,0
2013-12-24,1472685,2013-12-24,11.981671562867215,7.0,1,79.0,1,87.0,1,3.0,0,0.0,0,56.0,0,16.0,0,9795.0,0,83.0,0,6.0,0
2013-12-25,1353520,2013-12-25,12.542846952772878,11.2,0,32.0,0,51.0,0,14.0,0,0.0,0,18.0,0,24.0,0,9846.0,0,87.0,0,3.0,0
2013-12-26,1353253,2013-12-26,11.655858514599254,10.8,0,21.0,0,67.0,0,10.0,0,0.0,0,24.0,0,22.0,0,9951.0,0,92.0,0,6.0,0
2013-12-27,1443219,2013-12-27,11.661978448275862,8.8,0,18.0,0,63.0,0,10.0,0,0.0,0,0.0,0,22.0,0,9867.0,0,73.0,0,4.0,0
2013-12-28,1453303,2013-12-28,11.616782480893592,10.5,0,37.0,0,63.0,0,45.0,0,0.0,0,0.0,0,40.0,0,9975.0,0,76.0,0,2.0,0
2013-12-29,1434903,2013-12-29,11.97359278855575,10.5,0,-3.0,0,51.0,0,63.0,0,0.0,0,4.0,0,48.0,0,10149.0,0,84.0,0,1.0,0
2013-12-30,1493225,2013-12-30,11.813610425240055,10.9,0,22.0,0,64.0,0,17.0,0,0.0,0,60.0,0,27.0,0,10107.0,0,84.0,0,4.0,0
2013-12-31,1476750,2013-12-31,11.91391723867425,11.4,0,51.0,0,80.0,0,0.0,0,0.0,0,48.0,0,13.0,0,10041.0,0,87.0,0,5.0,0
2014-01-01,1373378,2014-01-01,12.302586389488134,11.1,0,56.0,0,85.0,0,0.0,0,0.0,0,138.0,0,13.0,0,9930.0,0,88.0,0,6.0,0
2014-01-02,1579494,2014-01-02,11.223347186826112,10.7,0,61.0,0,86.0,0,52.0,0,0.0,0,48.0,0,45.0,0,9933.0,0,83.0,0,4.0,0
2014-01-03,1606954,2014-01-03,11.489046069398158,9.5,0,65.0,0,86.0,0,29.0,0,0.0,0,120.0,0,34.0,0,9944.0,0,80.0,0,3.0,0
2014-01-04,1549245,2014-01-04,11.99509629339086,12.5,0,53.0,0,74.0,0,0.0,0,0.0,0,34.0,0,13.0,0,9936.0,0,86.0,0,6.0,0
2014-01-05,1523299,2014-01-05,12.611274063909036,12.6,0,7.0,0,66.0,0,10.0,0,0.0,0,96.0,0,23.0,0,10001.0,0,89.0,0,4.0,0
2014-01-06,1664708,2014-01-06,11.408516369339345,11.8,0,27.0,0,77.0,0,12.0,0,0.0,0,96.0,0,25.0,0,9945.0,0,80.0,0,5.0,0
2014-01-07,1686851,2014-01-07,11.268233679670653,12.0,0,91.0,0,105.0,0,14.0,0,0.0,0,52.0,0,26.0,0,10030.0,0,80.0,0,4.0,0
2014-01-08,1713487,2014-01-08,11.006150980392157,9.1,1,67.0,0,94.0,1,9.0,0,0.0,0,36.0,0,23.0,0,10119.0,0,87.0,0,4.0,0
2014-01-09,1710038,2014-01-09,11.119571625344353,10.9,0,83.0,0,87.0,0,33.0,0,0.0,0,0.0,0,38.0,0,10064.0,0,79.0,0,4.0,0
2014-01-10,1719351,2014-01-10,11.246991145218418,9.2,0,23.0,0,66.0,0,39.0,0,0.0,0,18.0,0,41.0,0,10143.0,0,86.0,0,3.0,0
2014-01-11,1552352,2014-01-11,11.538977952755905,9.9,0,43.0,0,68.0,0,67.0,0,0.0,0,0.0,0,55.0,0,10186.0,0,82.0,0,3.0,0
2014-01-12,1556901,2014-01-12,12.752337202439504,9.7,0,-18.0,0,41.0,0,19.0,0,0.0,0,24.0,0,31.0,0,10165.0,0,91.0,0,4.0,0
2014-01-13,1724932,2014-01-13,11.364553719008263,10.2,0,21.0,0,59.0,0,35.0,0,0.0,0,48.0,0,41.0,0,10050.0,0,86.0,0,2.0,0
2014-01-14,1779063,2014-01-14,11.333602046841174,11.3,0,5.0,0,54.0,0,57.0,0,0.0,0,46.0,0,52.0,0,10044.0,0,83.0,0,5.0,0
2014-01-15,1739274,2014-01-15,11.184849439086793,10.6,0,13.0,0,63.0,0,0.0,0,0.0,0,28.0,0,15.0,0,9984.0,0,92.0,0,7.0,0
2014-01-16,1731967,2014-01-16,10.9503075408545,9.2,0,74.0,0,90.0,0,26.0,0,0.0,0,116.0,0,37.0,0,9904.0,0,87.0,0,5.0,0
2014-01-17,1710705,2014-01-17,11.138736064605082,10.7,0,65.0,0,79.0,0,19.0,0,0.0,0,72.0,0,33.0,0,9906.0,0,87.0,0,5.0,0
2014-01-18,1545826,2014-01-18,11.546570303269004,8.6,0,61.0,0,84.0,0,9.0,0,0.0,0,2.0,0,26.0,0,9914.0,0,86.0,0,7.0,0
2014-01-19,1508993,2014-01-19,10.635412507397909,9.2,0,62.0,0,74.0,0,54.0,0,0.0,0,0.0,0,54.0,0,9955.0,0,80.0,0,2.0,0
2014-01-20,1765763,2014-01-20,11.430882875765356,8.7,0,6.0,0,49.0,0,39.0,0,0.0,0,2.0,0,46.0,0,10077.0,0,87.0,0,6.0,0
2014-01-21,1783837,2014-01-21,11.370601340694007,10.7,0,10.0,0,49.0,0,17.0,0,0.0,0,88.0,0,33.0,0,10100.0,0,89.0,0,5.0,0
2014-01-22,1754054,2014-01-22,11.109560086682427,8.8,0,16.0,0,62.0,0,25.0,0,0.0,0,2.0,0,39.0,0,10067.0,0,88.0,0,7.0,0
2014-01-23,1754894,2014-01-23,11.300413874655105,8.8,0,22.0,0,55.0,0,29.0,0,0.0,0,12.0,0,42.0,0,10126.0,0,82.0,0,4.0,0
2014-01-24,1764204,2014-01-24,11.409880228887134,12.3,0,17.0,0,53.0,0,0.0,0,0.0,0,56.0,0,17.0,0,10139.0,0,86.0,0,7.0,0
2014-01-25,1530305,2014-01-25,11.620778216258879,9.9,0,46.0,0,85.0,0,15.0,0,0.0,0,18.0,0,34.0,0,10126.0,0,84.0,0,5.0,0
2014-01-26,1531876,2014-01-26,12.729658709804696,8.8,0,38.0,0,69.0,0,1.0,0,0.0,0,50.0,0,20.0,0,10021.0,0,82.0,0,6.0,0
2014-01-27,1735979,2014-01-27,11.75387095501184,10.1,0,20.0,0,54.0,0,36.0,0,0.0,0,18.0,0,49.0,0,9899.0,0,82.0,0,3.0,0
2014-01-28,1748140,2014-01-28,11.57017555292259,4.8,1,38.0,0,70.0,1,37.0,0,0.0,0,16.0,0,51.0,0,9851.0,0,84.0,0,5.0,0
2014-01-29,1776993,2014-01-29,11.800776505429416,6.0,0,47.0,0,48.0,0,0.0,0,0.0,0,188.0,0,18.0,0,9940.0,0,91.0,0,8.0,0
2014-01-30,1817140,2014-01-30,11.685168872210152,9.5,0,34.0,0,47.0,0,0.0,0,0.0,0,2.0,0,19.0,0,10018.0,0,90.0,0,7.0,0
2014-01-31,1769152,2014-01-31,11.857956925508793,9.1,0,11.0,0,53.0,0,0.0,0,0.0,0,198.0,0,19.0,0,9984.0,0,91.0,0,8.0,0
2014-02-01,1537018,2014-02-01,11.710581933188378,10.2,0,20.0,0,56.0,0,56.0,0,0.0,0,0.0,0,65.0,0,9900.0,0,75.0,0,3.0,0
2014-02-02,1476386,2014-02-02,12.078164356435645,8.8,0,49.0,0,76.0,0,70.0,0,0.0,0,0.0,0,74.0,0,10053.0,0,72.0,0,2.0,0
2014-02-03,1708042,2014-02-03,11.280011482874679,9.4,0,34.0,0,61.0,0,10.0,0,0.0,0,0.0,0,34.0,0,10037.0,0,82.0,0,3.0,0
2014-02-04,1723683,2014-02-04,11.095584438725005,10.1,0,42.0,0,68.0,0,39.0,0,0.0,0,112.0,0,57.0,0,9967.0,0,78.0,0,5.0,0
2014-02-05,1724115,2014-02-05,11.415104542749456,10.1,0,54.0,0,78.0,0,11.0,0,0.0,0,16.0,0,36.0,0,9819.0,0,78.0,0,6.0,0
2014-02-06,1751972,2014-02-06,11.445403331350388,9.8,0,67.0,0,84.0,0,0.0,0,0.0,0,190.0,0,21.0,0,9898.0,0,84.0,0,5.0,0
2014-02-07,1692558,2014-02-07,10.972318253968254,9.8,0,37.0,0,68.0,0,49.0,0,0.0,0,58.0,0,67.0,0,9888.0,0,80.0,0,6.0,0
2014-02-08,1494316,2014-02-08,11.56930045643977,8.7,0,47.0,0,73.0,0,40.0,0,0.0,0,24.0,0,62.0,0,9790.0,0,78.0,0,5.0,0
2014-02-09,1476236,2014-02-09,12.202967428003973,9.6,0,63.0,0,75.0,0,16.0,0,0.0,0,2.0,0,43.0,0,9847.0,0,68.0,0,5.0,0
2014-02-10,1744272,2014-02-10,11.264175173783515,8.7,0,38.0,0,67.0,0,26.0,0,0.0,0,14.0,0,53.0,0,9930.0,0,84.0,0,5.0,0
2014-02-11,1746017,2014-02-11,11.452649314524141,9.3,0,20.0,0,54.0,0,27.0,0,0.0,0,20.0,0,54.0,0,9966.0,0,77.0,0,3.0,0
2014-02-12,1782094,2014-02-12,11.679099383820313,8.6,0,26.0,0,60.0,0,8.0,0,0.0,0,82.0,0,37.0,0,9941.0,0,77.0,0,5.0,0
2014-02-13,1735675,2014-02-13,11.285736726983496,12.4,0,38.0,0,62.0,0,56.0,0,0.0,0,4.0,0,78.0,0,9925.0,0,69.0,0,2.0,0
2014-02-14,1761803,2014-02-14,11.81691433114689,11.0,0,31.0,0,78.0,0,0.0,0,0.0,0,98.0,0,24.0,0,9900.0,0,83.0,0,6.0,0
2014-02-15,1520721,2014-02-15,11.490469615461247,10.7,0,47.0,0,79.0,0,60.0,0,0.0,0,4.0,0,83.0,0,9886.0,0,70.0,0,3.0,0
2014-02-16,1480264,2014-02-16,11.582159027500996,10.8,0,19.0,0,63.0,0,84.0,0,0.0,0,2.0,0,101.0,0,10068.0,0,76.0,0,1.0,0
2014-02-17,1715298,2014-02-17,10.979565988835725,11.1,0,27.0,0,68.0,0,1.0,0,0.0,0,22.0,0,29.0,0,10077.0,0,85.0,0,5.0,0
2014-02-18,1705938,2014-02-18,10.781897983629467,11.0,0,75.0,0,93.0,0,12.0,0,0.0,0,58.0,0,45.0,0,10086.0,0,89.0,0,5.0,0
2014-02-19,1697139,2014-02-19,10.674623602236421,13.5,0,41.0,0,76.0,0,1.0,0,0.0,0,8.0,0,30.0,0,10112.0,0,,9,6.0,0
2014-02-20,1628663,2014-02-20,10.573835397522974,10.9,0,68.0,0,102.0,0,14.0,0,0.0,0,16.0,0,49.0,0,10015.0,0,84.0,0,6.0,0
2014-02-21,1613522,2014-02-21,10.51812649880096,11.9,0,32.0,0,71.0,0,73.0,0,0.0,0,0.0,0,100.0,0,10035.0,0,71.0,0,2.0,0
2014-02-22,1448943,2014-02-22,10.776242109468638,12.5,0,46.0,0,83.0,0,64.0,0,0.0,0,0.0,0,95.0,0,10091.0,0,69.0,0,3.0,0
2014-02-23,1400915,2014-02-23,11.480410764305722,14.9,0,68.0,0,97.0,0,0.0,0,0.0,0,0.0,0,29.0,0,10103.0,0,74.0,0,6.0,0
2014-02-24,1609982,2014-02-24,10.41140308370044,10.7,1,68.0,0,109.0,1,44.0,0,0.0,0,32.0,0,82.0,0,10050.0,0,75.0,0,4.0,0
2014-02-25,1642511,2014-02-25,10.294996596596597,11.8,0,81.0,0,94.0,0,20.0,0,0.0,0,26.0,0,60.0,0,10005.0,0,78.0,0,5.0,0
2014-02-26,1652189,2014-02-26,10.202945323452834,12.0,0,29.0,0,74.0,0,77.0,0,0.0,0,28.0,0,111.0,0,10127.0,0,73.0,0,1.0,0
2014-02-27,1658003,2014-02-27,10.3563498997996,8.4,1,57.0,0,89.0,1,49.0,0,0.0,0,48.0,0,90.0,0,10070.0,0,74.0,0,4.0,0
2014-02-28,1702954,2014-02-28,0.4179931822739122,10.1,0,18.0,0,51.0,0,10.0,0,0.0,0,34.0,0,50.0,0,9989.0,0,85.0,0,7.0,0
